jobid,node_hours,queue_state,load,#nodes,rem_node-hours
10087,0.019,0.029,0.657,0.07,0.148
10088,0.018,0.033,0.657,0.07,0.148
10089,0.0,0.036,0.657,0.07,0.148
10101,0.055,0.044,0.566,0.25,0.143
10173,0.056,0.095,0.657,0.25,0.14
10178,0.003,0.091,0.657,0.07,0.141
10184,0.001,0.095,0.657,0.062,0.141
10275,0.018,0.055,0.623,0.07,0.141
10276,0.02,0.058,0.623,0.07,0.141
10277,0.016,0.062,0.623,0.07,0.141
10309,0.0,0.051,0.629,0.016,0.147
10310,0.002,0.051,0.629,0.008,0.147
10312,0.002,0.051,0.629,0.062,0.147
10383,0.0,0.047,0.646,0.031,0.146
10390,0.045,0.011,0.6,0.25,0.051
10430,0.0,0.04,0.657,0.031,0.146
10527,0.011,0.033,0.657,0.125,0.144
10538,0.0,0.029,0.629,0.031,0.149
10542,0.004,0.026,0.657,0.125,0.15
10543,0.0,0.026,0.657,0.062,0.151
10544,0.001,0.029,0.657,0.062,0.151
10546,0.055,0.029,0.657,0.25,0.149
10548,0.0,0.015,0.606,0.062,0.143
10549,0.0,0.015,0.606,0.062,0.142
10550,0.0,0.018,0.606,0.062,0.142
10551,0.0,0.018,0.651,0.062,0.142
10553,0.001,0.015,0.651,0.062,0.142
10554,0.002,0.018,0.651,0.062,0.142
10555,0.002,0.022,0.651,0.062,0.142
10556,0.002,0.026,0.651,0.062,0.142
10557,0.001,0.029,0.651,0.062,0.142
10558,0.001,0.033,0.651,0.062,0.142
10559,0.001,0.036,0.651,0.062,0.142
10560,0.001,0.04,0.651,0.062,0.142
10561,0.002,0.044,0.651,0.062,0.142
10562,0.002,0.047,0.651,0.062,0.142
10563,0.002,0.051,0.651,0.062,0.142
10564,0.001,0.055,0.651,0.062,0.142
10565,0.001,0.058,0.651,0.062,0.142
10566,0.001,0.062,0.651,0.062,0.142
10567,0.002,0.066,0.651,0.062,0.142
10568,0.001,0.069,0.651,0.062,0.142
10569,0.002,0.073,0.651,0.062,0.142
10570,0.002,0.077,0.651,0.062,0.142
10571,0.001,0.08,0.651,0.062,0.142
10572,0.002,0.084,0.651,0.062,0.142
10573,0.02,0.08,0.651,0.07,0.143
10574,0.02,0.084,0.651,0.07,0.142
10575,0.018,0.084,0.651,0.07,0.143
10576,0.02,0.088,0.651,0.07,0.143
10577,0.0,0.091,0.651,0.008,0.142
10578,0.0,0.088,0.651,0.008,0.143
10579,0.0,0.088,0.651,0.008,0.142
10584,0.02,0.062,0.646,0.07,0.153
10585,0.0,0.062,0.646,0.008,0.153
10596,0.002,0.062,0.646,0.008,0.15
10597,0.001,0.055,0.651,0.008,0.151
10598,0.011,0.04,0.657,0.125,0.149
10599,0.001,0.026,0.606,0.062,0.147
10600,0.001,0.029,0.606,0.062,0.147
10601,0.001,0.033,0.606,0.062,0.147
10602,0.001,0.033,0.651,0.062,0.147
10603,0.001,0.036,0.651,0.062,0.147
10604,0.001,0.04,0.651,0.062,0.147
10605,0.001,0.044,0.651,0.062,0.147
10606,0.001,0.047,0.651,0.062,0.147
10607,0.001,0.051,0.651,0.062,0.147
10608,0.001,0.055,0.651,0.062,0.147
10609,0.001,0.058,0.651,0.062,0.147
10610,0.001,0.062,0.651,0.062,0.147
10611,0.0,0.066,0.651,0.062,0.147
10612,0.001,0.069,0.651,0.062,0.147
10613,0.001,0.073,0.651,0.062,0.147
10614,0.001,0.077,0.651,0.062,0.147
10615,0.001,0.08,0.651,0.062,0.147
10616,0.001,0.084,0.651,0.062,0.147
10617,0.001,0.088,0.651,0.062,0.147
10618,0.001,0.091,0.651,0.062,0.147
10620,0.002,0.073,0.651,0.008,0.148
10622,0.001,0.055,0.657,0.062,0.146
10623,0.002,0.058,0.657,0.062,0.146
10624,0.002,0.062,0.657,0.062,0.146
10625,0.002,0.066,0.657,0.062,0.146
10626,0.001,0.069,0.657,0.062,0.146
10627,0.001,0.073,0.657,0.062,0.146
10628,0.001,0.077,0.657,0.062,0.146
10629,0.001,0.08,0.657,0.062,0.146
10630,0.002,0.084,0.657,0.062,0.146
10631,0.001,0.088,0.657,0.062,0.146
10632,0.001,0.091,0.657,0.062,0.146
10633,0.001,0.095,0.657,0.062,0.146
10634,0.001,0.099,0.657,0.062,0.146
10635,0.001,0.102,0.657,0.062,0.146
10636,0.002,0.106,0.657,0.062,0.146
10637,0.002,0.109,0.657,0.062,0.146
10642,0.055,0.102,0.657,0.25,0.145
10643,0.056,0.095,0.657,0.25,0.144
10646,0.002,0.091,0.651,0.008,0.144
10647,0.0,0.091,0.651,0.008,0.144
10649,0.002,0.091,0.651,0.008,0.144
10650,0.004,0.077,0.657,0.031,0.144
10651,0.004,0.08,0.657,0.031,0.144
10652,0.019,0.073,0.657,0.07,0.144
10653,0.0,0.073,0.554,0.07,0.143
10666,0.004,0.007,0.657,0.25,0.053
10667,0.002,0.055,0.646,0.008,0.159
10756,0.012,0.055,0.651,0.125,0.151
10952,0.001,0.04,0.657,0.062,0.15
10953,0.0,0.044,0.657,0.062,0.15
10954,0.001,0.047,0.657,0.062,0.15
10955,0.0,0.051,0.657,0.062,0.15
10956,0.0,0.055,0.657,0.062,0.15
10957,0.0,0.058,0.657,0.062,0.15
10958,0.0,0.062,0.657,0.062,0.15
10959,0.0,0.066,0.657,0.062,0.15
10960,0.0,0.069,0.657,0.062,0.15
10961,0.0,0.073,0.657,0.062,0.15
10962,0.0,0.077,0.657,0.062,0.15
10963,0.0,0.08,0.657,0.062,0.15
10964,0.0,0.084,0.657,0.062,0.15
10965,0.001,0.088,0.657,0.062,0.15
10966,0.0,0.091,0.657,0.062,0.15
10967,0.001,0.095,0.657,0.062,0.15
10968,0.0,0.099,0.657,0.062,0.15
10969,0.0,0.102,0.657,0.062,0.15
10970,0.0,0.106,0.657,0.062,0.15
10971,0.0,0.109,0.657,0.062,0.15
10972,0.055,0.091,0.651,0.25,0.143
10974,0.0,0.047,0.634,0.07,0.158
10975,0.0,0.051,0.634,0.07,0.156
10977,0.0,0.044,0.651,0.008,0.154
10978,0.0,0.044,0.651,0.125,0.154
10979,0.0,0.047,0.651,0.125,0.153
10980,0.0,0.051,0.651,0.125,0.153
10981,0.0,0.055,0.651,0.125,0.153
10982,0.002,0.058,0.651,0.008,0.153
10985,0.0,0.04,0.657,0.031,0.152
10986,0.012,0.04,0.657,0.125,0.151
10987,0.0,0.033,0.634,0.07,0.151
10989,0.0,0.022,0.634,0.062,0.151
10990,0.0,0.026,0.634,0.062,0.151
10991,0.0,0.029,0.634,0.062,0.151
10992,0.0,0.033,0.634,0.062,0.151
10993,0.0,0.036,0.634,0.062,0.151
10994,0.0,0.04,0.634,0.062,0.151
10995,0.0,0.044,0.634,0.062,0.151
10996,0.0,0.047,0.634,0.062,0.151
11001,0.001,0.062,0.634,0.062,0.152
11002,0.0,0.066,0.634,0.062,0.152
11003,0.0,0.069,0.634,0.062,0.152
11004,0.0,0.073,0.634,0.062,0.152
11005,0.0,0.077,0.634,0.062,0.152
11006,0.0,0.08,0.634,0.062,0.152
11007,0.0,0.084,0.634,0.062,0.152
11008,0.0,0.088,0.634,0.062,0.152
11009,0.0,0.077,0.657,0.031,0.151
11011,0.001,0.08,0.611,0.008,0.151
11017,0.0,0.073,0.657,0.062,0.15
11018,0.002,0.066,0.657,0.008,0.15
11020,0.0,0.062,0.657,0.039,0.149
11022,0.001,0.058,0.651,0.062,0.149
11023,0.0,0.062,0.651,0.062,0.149
11024,0.001,0.066,0.651,0.062,0.149
11026,0.002,0.058,0.623,0.008,0.147
11027,0.0,0.058,0.629,0.016,0.147
11028,0.0,0.058,0.629,0.016,0.147
11029,0.0,0.058,0.629,0.016,0.147
11030,0.0,0.058,0.629,0.016,0.147
11032,0.003,0.058,0.629,0.062,0.146
11033,0.015,0.062,0.629,0.125,0.146
11034,0.015,0.066,0.629,0.125,0.145
11035,0.015,0.069,0.629,0.125,0.145
11036,0.015,0.073,0.629,0.125,0.145
11037,0.011,0.077,0.629,0.125,0.145
11039,0.055,0.069,0.583,0.25,0.144
11040,0.056,0.058,0.629,0.25,0.144
11041,0.001,0.015,0.583,0.039,0.149
11042,0.0,0.015,0.583,0.062,0.148
11043,0.0,0.018,0.583,0.062,0.147
11044,0.001,0.018,0.629,0.062,0.147
11045,0.004,0.018,0.623,0.062,0.147
11046,0.002,0.018,0.623,0.156,0.147
11047,0.001,0.015,0.634,0.062,0.147
11048,0.002,0.018,0.634,0.062,0.147
11049,0.002,0.022,0.634,0.062,0.147
11050,0.002,0.026,0.634,0.062,0.147
11051,0.001,0.029,0.634,0.062,0.147
11052,0.001,0.033,0.634,0.062,0.147
11053,0.001,0.036,0.634,0.062,0.147
11054,0.001,0.04,0.634,0.062,0.147
11055,0.002,0.044,0.634,0.062,0.147
11056,0.001,0.047,0.634,0.062,0.147
11057,0.002,0.051,0.634,0.062,0.147
11058,0.001,0.055,0.634,0.062,0.147
11059,0.001,0.058,0.634,0.062,0.147
11060,0.001,0.062,0.634,0.062,0.147
11061,0.002,0.066,0.634,0.062,0.147
11062,0.002,0.069,0.634,0.062,0.147
11063,0.002,0.073,0.634,0.062,0.147
11064,0.001,0.077,0.634,0.062,0.147
11065,0.002,0.08,0.634,0.062,0.147
11066,0.001,0.084,0.634,0.062,0.147
11067,0.001,0.084,0.634,0.062,0.147
11068,0.001,0.018,0.594,0.062,0.154
11069,0.001,0.022,0.594,0.062,0.154
11070,0.0,0.022,0.594,0.07,0.154
11071,0.019,0.026,0.594,0.07,0.153
11072,0.019,0.029,0.594,0.07,0.153
11073,0.02,0.033,0.594,0.07,0.153
11074,0.02,0.036,0.594,0.07,0.153
11075,0.019,0.04,0.594,0.07,0.153
11081,0.0,0.036,0.577,0.039,0.152
11084,0.0,0.036,0.606,0.008,0.152
11085,0.0,0.033,0.623,0.008,0.153
11086,0.0,0.033,0.623,0.008,0.153
11087,0.0,0.033,0.623,0.008,0.153
11088,0.002,0.033,0.623,0.008,0.153
11090,0.017,0.004,0.634,0.25,0.054
11096,0.0,0.018,0.634,0.07,0.154
11098,0.0,0.022,0.634,0.039,0.154
11099,0.002,0.026,0.634,0.062,0.154
11100,0.002,0.029,0.634,0.062,0.154
11101,0.002,0.033,0.634,0.062,0.154
11102,0.002,0.036,0.634,0.062,0.154
11103,0.002,0.04,0.634,0.062,0.154
11104,0.004,0.044,0.634,0.062,0.154
11106,0.001,0.036,0.634,0.008,0.153
11107,0.002,0.036,0.64,0.008,0.152
11114,0.0,0.033,0.646,0.008,0.151
11115,0.0,0.036,0.646,0.008,0.151
11116,0.0,0.04,0.646,0.008,0.151
11117,0.0,0.044,0.646,0.008,0.151
11118,0.0,0.047,0.646,0.008,0.151
11119,0.0,0.051,0.646,0.008,0.151
11120,0.0,0.055,0.646,0.008,0.151
11121,0.0,0.058,0.646,0.008,0.151
11122,0.0,0.062,0.646,0.008,0.151
11123,0.0,0.066,0.646,0.008,0.151
11124,0.0,0.069,0.646,0.008,0.151
11125,0.0,0.073,0.646,0.008,0.151
11126,0.0,0.077,0.646,0.008,0.151
11127,0.0,0.08,0.646,0.008,0.151
11128,0.0,0.084,0.646,0.008,0.151
11129,0.0,0.088,0.646,0.008,0.151
11130,0.0,0.091,0.646,0.008,0.151
11131,0.0,0.095,0.646,0.008,0.151
11132,0.0,0.099,0.646,0.008,0.151
11133,0.0,0.102,0.646,0.008,0.151
11134,0.0,0.106,0.646,0.008,0.151
11159,0.0,0.007,0.657,0.25,0.046
11182,0.0,0.077,0.606,0.062,0.148
11186,0.0,0.077,0.606,0.062,0.148
11187,0.0,0.08,0.606,0.008,0.148
11188,0.0,0.08,0.606,0.008,0.148
11189,0.0,0.08,0.606,0.008,0.148
11190,0.055,0.077,0.577,0.25,0.148
11191,0.056,0.073,0.623,0.25,0.152
11192,0.0,0.073,0.623,0.016,0.157
11193,0.002,0.073,0.589,0.062,0.156
11194,0.002,0.077,0.589,0.062,0.156
11195,0.002,0.08,0.589,0.062,0.156
11196,0.002,0.084,0.589,0.062,0.156
11197,0.002,0.088,0.589,0.062,0.156
11198,0.002,0.091,0.589,0.062,0.156
11199,0.002,0.095,0.589,0.062,0.156
11200,0.002,0.099,0.589,0.062,0.156
11201,0.002,0.102,0.589,0.062,0.156
11203,0.0,0.011,0.634,0.25,0.046
11204,0.0,0.106,0.634,0.008,0.156
11205,0.0,0.106,0.634,0.062,0.156
11206,0.002,0.109,0.634,0.008,0.156
11215,0.001,0.011,0.629,0.25,0.046
11216,0.02,0.084,0.6,0.07,0.149
11218,0.056,0.077,0.646,0.25,0.152
11226,0.0,0.066,0.646,0.016,0.149
11227,0.002,0.058,0.611,0.062,0.149
11228,0.001,0.062,0.589,0.062,0.149
11229,0.001,0.066,0.589,0.062,0.149
11230,0.002,0.069,0.589,0.062,0.149
11231,0.002,0.073,0.589,0.062,0.149
11235,0.076,0.022,0.646,0.25,0.054
11236,0.0,0.066,0.606,0.031,0.149
11237,0.0,0.066,0.606,0.031,0.149
11248,0.002,0.055,0.64,0.008,0.155
11249,0.0,0.055,0.646,0.016,0.154
11250,0.011,0.058,0.646,0.125,0.154
11251,0.0,0.055,0.611,0.016,0.153
11252,0.0,0.055,0.611,0.016,0.153
11253,0.002,0.055,0.611,0.008,0.153
11254,0.0,0.055,0.617,0.016,0.153
11255,0.002,0.055,0.617,0.008,0.153
11257,0.0,0.055,0.6,0.062,0.153
11258,0.0,0.055,0.6,0.062,0.153
11261,0.0,0.055,0.6,0.25,0.153
11263,0.0,0.055,0.646,0.062,0.153
11264,0.0,0.058,0.646,0.062,0.152
11265,0.0,0.062,0.646,0.062,0.152
11266,0.0,0.066,0.646,0.062,0.152
11267,0.0,0.069,0.646,0.062,0.152
11268,0.0,0.073,0.646,0.062,0.152
11269,0.0,0.077,0.646,0.062,0.152
11270,0.0,0.08,0.646,0.062,0.152
11274,0.002,0.004,0.611,0.062,0.155
11275,0.002,0.007,0.611,0.062,0.155
11276,0.002,0.011,0.611,0.062,0.155
11277,0.002,0.015,0.611,0.062,0.155
11278,0.002,0.018,0.611,0.062,0.155
11279,0.002,0.022,0.611,0.062,0.155
11280,0.002,0.026,0.611,0.062,0.155
11281,0.002,0.029,0.611,0.062,0.155
11282,0.002,0.033,0.611,0.062,0.155
11283,0.001,0.036,0.611,0.062,0.155
11284,0.02,0.04,0.611,0.07,0.155
11286,0.016,0.036,0.634,0.125,0.152
11287,0.016,0.04,0.634,0.125,0.152
11288,0.016,0.044,0.634,0.125,0.152
11289,0.016,0.047,0.634,0.125,0.152
11290,0.015,0.051,0.634,0.125,0.152
11291,0.015,0.055,0.634,0.125,0.152
11292,0.015,0.058,0.634,0.125,0.152
11293,0.015,0.062,0.634,0.125,0.152
11294,0.015,0.066,0.634,0.125,0.152
11295,0.015,0.069,0.634,0.125,0.152
11296,0.014,0.073,0.634,0.125,0.152
11297,0.015,0.077,0.634,0.125,0.152
11298,0.007,0.08,0.634,0.125,0.152
11299,0.0,0.084,0.629,0.25,0.152
11300,0.002,0.088,0.629,0.008,0.152
11301,0.076,0.004,0.634,0.25,0.056
11302,0.002,0.088,0.589,0.008,0.152
11303,0.001,0.088,0.594,0.008,0.152
11304,0.0,0.088,0.6,0.016,0.152
11311,0.002,0.08,0.646,0.008,0.15
11314,0.0,0.066,0.646,0.062,0.15
11315,0.002,0.066,0.646,0.008,0.15
11316,0.019,0.051,0.611,0.07,0.152
11317,0.02,0.055,0.611,0.07,0.152
11318,0.0,0.058,0.606,0.062,0.152
11323,0.009,0.051,0.6,0.07,0.152
11324,0.0,0.051,0.634,0.062,0.151
11325,0.0,0.051,0.589,0.062,0.151
11326,0.0,0.055,0.589,0.062,0.151
11327,0.0,0.058,0.589,0.062,0.151
11328,0.0,0.062,0.589,0.062,0.151
11329,0.0,0.066,0.589,0.062,0.151
11330,0.0,0.069,0.589,0.062,0.151
11331,0.0,0.073,0.589,0.062,0.151
11332,0.0,0.077,0.589,0.062,0.151
11333,0.0,0.08,0.589,0.062,0.151
11334,0.001,0.084,0.589,0.062,0.151
11335,0.0,0.088,0.589,0.062,0.151
11336,0.0,0.091,0.589,0.062,0.151
11337,0.001,0.095,0.589,0.062,0.151
11338,0.0,0.099,0.589,0.062,0.151
11339,0.0,0.102,0.589,0.062,0.151
11341,0.0,0.106,0.634,0.062,0.151
11351,0.002,0.051,0.629,0.008,0.157
11352,0.002,0.051,0.634,0.008,0.157
11353,0.002,0.051,0.64,0.008,0.157
11354,0.002,0.051,0.646,0.008,0.157
11355,0.0,0.055,0.646,0.008,0.157
11357,0.002,0.055,0.646,0.008,0.156
11358,0.002,0.058,0.646,0.008,0.156
11359,0.002,0.062,0.646,0.008,0.156
11360,0.002,0.066,0.646,0.008,0.156
11361,0.002,0.069,0.646,0.008,0.156
11362,0.002,0.073,0.646,0.008,0.156
11363,0.007,0.077,0.646,0.125,0.156
11364,0.0,0.062,0.657,0.062,0.157
11368,0.02,0.04,0.611,0.07,0.156
11369,0.019,0.044,0.611,0.07,0.156
11373,0.0,0.04,0.657,0.039,0.153
11374,0.0,0.033,0.657,0.031,0.154
11376,0.0,0.018,0.657,0.031,0.154
11379,0.0,0.015,0.629,0.008,0.154
11380,0.002,0.015,0.6,0.008,0.154
11381,0.0,0.015,0.651,0.062,0.155
11383,0.0,0.015,0.657,0.031,0.154
11384,0.0,0.018,0.657,0.031,0.154
11386,0.0,0.015,0.64,0.062,0.153
11388,0.007,0.004,0.634,0.125,0.156
11392,0.002,0.004,0.657,0.062,0.156
11393,0.007,0.004,0.651,0.125,0.154
11394,0.006,0.004,0.6,0.062,0.153
11419,0.001,0.036,0.651,0.062,0.151
11420,0.001,0.033,0.651,0.062,0.151
11421,0.001,0.036,0.651,0.062,0.151
11422,0.002,0.04,0.651,0.062,0.151
11423,0.002,0.044,0.651,0.062,0.151
11424,0.002,0.047,0.651,0.062,0.151
11425,0.001,0.051,0.651,0.062,0.151
11426,0.001,0.055,0.651,0.062,0.151
11427,0.002,0.058,0.651,0.062,0.151
11428,0.001,0.062,0.651,0.062,0.151
11429,0.001,0.066,0.651,0.062,0.151
11430,0.001,0.069,0.651,0.062,0.151
11431,0.001,0.073,0.651,0.062,0.151
11433,0.002,0.077,0.651,0.062,0.151
11434,0.002,0.08,0.651,0.062,0.151
11435,0.002,0.084,0.651,0.062,0.151
11436,0.001,0.088,0.651,0.062,0.151
11437,0.002,0.091,0.651,0.062,0.151
11438,0.002,0.095,0.651,0.062,0.151
11439,0.001,0.099,0.651,0.062,0.151
11440,0.001,0.102,0.651,0.062,0.151
11441,0.001,0.106,0.651,0.062,0.151
11442,0.002,0.109,0.651,0.062,0.151
11473,0.0,0.091,0.651,0.039,0.15
11474,0.007,0.077,0.651,0.125,0.15
11475,0.002,0.047,0.651,0.062,0.151
11476,0.002,0.051,0.651,0.062,0.151
11477,0.002,0.055,0.651,0.062,0.151
11478,0.002,0.058,0.651,0.062,0.151
11479,0.002,0.062,0.651,0.062,0.151
11480,0.002,0.066,0.651,0.062,0.151
11481,0.001,0.069,0.651,0.062,0.151
11482,0.001,0.073,0.651,0.062,0.151
11483,0.001,0.077,0.651,0.062,0.151
11484,0.002,0.08,0.651,0.062,0.151
11485,0.001,0.084,0.651,0.062,0.151
11486,0.001,0.088,0.651,0.062,0.151
11487,0.002,0.091,0.651,0.062,0.151
11488,0.001,0.095,0.651,0.062,0.151
11489,0.002,0.099,0.651,0.062,0.151
11490,0.002,0.102,0.651,0.062,0.151
11491,0.001,0.106,0.651,0.062,0.151
11492,0.001,0.109,0.651,0.062,0.151
11505,0.0,0.102,0.623,0.023,0.155
11506,0.008,0.095,0.623,0.125,0.154
11508,0.001,0.011,0.634,0.25,0.055
11510,0.007,0.011,0.634,0.125,0.157
11535,0.002,0.022,0.623,0.062,0.155
11536,0.001,0.018,0.623,0.062,0.156
11537,0.002,0.022,0.623,0.062,0.156
11538,0.002,0.026,0.623,0.062,0.156
11539,0.001,0.029,0.623,0.062,0.156
11540,0.001,0.033,0.623,0.062,0.156
11541,0.001,0.036,0.623,0.062,0.156
11542,0.002,0.04,0.623,0.062,0.156
11543,0.002,0.044,0.623,0.062,0.156
11544,0.002,0.047,0.623,0.062,0.156
11545,0.002,0.051,0.623,0.062,0.156
11546,0.002,0.055,0.623,0.062,0.156
11547,0.001,0.058,0.623,0.062,0.156
11548,0.002,0.062,0.623,0.062,0.156
11549,0.002,0.066,0.623,0.062,0.156
11550,0.002,0.069,0.623,0.062,0.156
11551,0.002,0.073,0.623,0.062,0.156
11552,0.002,0.077,0.623,0.062,0.156
11553,0.002,0.08,0.623,0.062,0.156
11554,0.001,0.084,0.623,0.062,0.156
11555,0.001,0.088,0.623,0.062,0.156
11556,0.001,0.091,0.623,0.062,0.156
11557,0.002,0.095,0.623,0.062,0.156
11558,0.002,0.099,0.623,0.062,0.156
11559,0.002,0.102,0.623,0.062,0.156
11560,0.002,0.106,0.623,0.062,0.156
11602,0.001,0.018,0.657,0.25,0.055
11603,0.002,0.077,0.566,0.25,0.155
11604,0.002,0.073,0.657,0.25,0.155
11606,0.019,0.011,0.623,0.25,0.056
11608,0.0,0.036,0.629,0.062,0.155
11609,0.0,0.04,0.629,0.062,0.155
11610,0.0,0.044,0.629,0.062,0.155
11611,0.0,0.047,0.629,0.062,0.155
11612,0.0,0.051,0.629,0.062,0.155
11613,0.0,0.055,0.629,0.062,0.155
11614,0.0,0.058,0.629,0.062,0.155
11615,0.0,0.062,0.629,0.062,0.155
11616,0.0,0.066,0.629,0.062,0.155
11617,0.0,0.069,0.629,0.062,0.155
11618,0.0,0.073,0.629,0.062,0.155
11619,0.0,0.077,0.629,0.062,0.155
11620,0.001,0.08,0.629,0.062,0.155
11621,0.0,0.084,0.629,0.062,0.155
11622,0.0,0.088,0.629,0.062,0.155
11623,0.0,0.091,0.629,0.062,0.155
11624,0.0,0.095,0.629,0.062,0.155
11625,0.0,0.099,0.629,0.062,0.155
11626,0.0,0.102,0.629,0.062,0.155
11627,0.0,0.106,0.629,0.062,0.155
11630,0.0,0.066,0.629,0.062,0.154
11631,0.0,0.047,0.64,0.062,0.157
11632,0.007,0.051,0.64,0.125,0.157
11633,0.0,0.033,0.64,0.062,0.158
11635,0.0,0.011,0.64,0.125,0.158
11672,0.0,0.084,0.617,0.062,0.154
11673,0.0,0.084,0.617,0.062,0.154
11674,0.0,0.088,0.617,0.062,0.154
11675,0.0,0.091,0.617,0.062,0.154
11676,0.0,0.095,0.617,0.062,0.154
11677,0.0,0.099,0.617,0.062,0.154
11678,0.0,0.102,0.617,0.062,0.154
11679,0.0,0.106,0.617,0.062,0.154
11715,0.007,0.004,0.617,0.125,0.153
11716,0.001,0.011,0.617,0.25,0.057
11717,0.0,0.004,0.617,0.008,0.154
11731,0.006,0.011,0.623,0.25,0.059
11733,0.002,0.004,0.629,0.008,0.154
11736,0.07,0.015,0.646,0.25,0.059
11737,0.02,0.004,0.594,0.07,0.154
11738,0.0,0.004,0.646,0.07,0.156
11740,0.007,0.007,0.6,0.125,0.156
11741,0.002,0.007,0.6,0.008,0.156
11742,0.002,0.011,0.6,0.008,0.156
11743,0.0,0.015,0.6,0.125,0.156
11744,0.0,0.018,0.6,0.008,0.156
11746,0.002,0.007,0.611,0.008,0.156
11748,0.0,0.004,0.571,0.125,0.156
11749,0.0,0.007,0.571,0.016,0.156
11750,0.0,0.007,0.583,0.008,0.156
11751,0.0,0.007,0.583,0.008,0.156
11752,0.002,0.007,0.583,0.008,0.156
11753,0.0,0.007,0.589,0.016,0.156
11759,0.0,0.004,0.577,0.039,0.156
11768,0.0,0.004,0.6,0.039,0.156
11863,0.005,0.011,0.611,0.25,0.064
11872,0.0,0.109,0.617,0.008,0.155
11873,0.0,0.109,0.623,0.008,0.155
11874,0.0,0.109,0.629,0.008,0.155
11875,0.0,0.109,0.617,0.008,0.155
11880,0.0,0.109,0.651,0.008,0.155
11882,0.0,0.102,0.651,0.125,0.154
11883,0.008,0.099,0.646,0.125,0.154
11885,0.0,0.077,0.6,0.25,0.154
11886,0.008,0.073,0.646,0.125,0.154
11890,0.0,0.066,0.64,0.008,0.154
11891,0.001,0.055,0.646,0.008,0.154
11892,0.001,0.026,0.651,0.25,0.062
11893,0.002,0.055,0.646,0.008,0.154
11894,0.0,0.055,0.651,0.008,0.154
11895,0.0,0.044,0.651,0.008,0.154
11896,0.002,0.044,0.651,0.008,0.154
11897,0.007,0.011,0.623,0.125,0.154
11900,0.008,0.011,0.571,0.125,0.153
11934,0.001,0.095,0.657,0.062,0.154
11935,0.0,0.095,0.657,0.062,0.154
11936,0.0,0.099,0.657,0.062,0.154
11937,0.002,0.102,0.566,0.062,0.154
12002,0.0,0.077,0.823,0.125,0.16
12003,0.005,0.077,0.823,0.125,0.16
12004,0.006,0.069,0.823,0.125,0.161
12005,0.0,0.066,0.783,0.125,0.161
12008,0.005,0.018,0.823,0.125,0.159
12009,0.006,0.011,0.823,0.125,0.159
12010,0.005,0.004,0.583,0.125,0.157
12012,0.017,0.004,0.583,0.125,0.157
12013,0.006,0.004,0.72,0.125,0.159
12014,0.0,0.004,0.72,0.008,0.159
12016,0.002,0.004,0.714,0.008,0.158
12017,0.0,0.004,0.726,0.008,0.158
12018,0.002,0.004,0.703,0.008,0.158
12019,0.005,0.004,0.709,0.125,0.158
12031,0.003,0.004,0.526,0.25,0.156
12034,0.001,0.007,0.611,0.008,0.156
12046,0.076,0.004,0.657,0.25,0.072
12047,0.07,0.004,0.657,0.25,0.156
12052,0.006,0.007,0.634,0.125,0.155
12057,0.005,0.011,0.589,0.125,0.155
12071,0.018,0.007,0.646,0.25,0.073
12073,0.006,0.004,0.651,0.125,0.155
12075,0.019,0.004,0.566,0.25,0.075
12076,0.0,0.007,0.571,0.062,0.155
12077,0.0,0.007,0.571,0.062,0.155
12078,0.005,0.007,0.571,0.125,0.155
12087,0.0,0.007,0.617,0.031,0.155
12088,0.0,0.007,0.577,0.008,0.155
12089,0.0,0.007,0.583,0.062,0.155
12090,0.0,0.007,0.577,0.125,0.155
12091,0.0,0.011,0.577,0.016,0.155
12092,0.006,0.004,0.617,0.125,0.155
12094,0.0,0.004,0.617,0.031,0.155
12095,0.0,0.004,0.617,0.008,0.155
12096,0.005,0.004,0.623,0.125,0.155
12134,0.0,0.022,0.617,0.062,0.155
12135,0.0,0.026,0.617,0.062,0.155
12136,0.0,0.029,0.617,0.062,0.155
12137,0.0,0.033,0.617,0.062,0.155
12138,0.0,0.036,0.617,0.062,0.155
12139,0.0,0.04,0.617,0.062,0.155
12140,0.0,0.044,0.617,0.062,0.155
12141,0.0,0.047,0.617,0.062,0.155
12142,0.0,0.051,0.617,0.062,0.155
12143,0.0,0.055,0.617,0.062,0.155
12144,0.0,0.058,0.617,0.062,0.155
12145,0.0,0.062,0.617,0.062,0.155
12146,0.0,0.066,0.617,0.062,0.155
12147,0.0,0.069,0.617,0.062,0.155
12148,0.0,0.073,0.617,0.062,0.155
12149,0.0,0.077,0.617,0.062,0.155
12150,0.0,0.08,0.617,0.062,0.155
12151,0.0,0.084,0.617,0.062,0.155
12152,0.0,0.088,0.617,0.062,0.155
12153,0.0,0.091,0.617,0.062,0.155
12154,0.0,0.095,0.617,0.062,0.155
12155,0.0,0.099,0.617,0.062,0.155
12156,0.0,0.102,0.617,0.062,0.155
12211,0.001,0.08,0.583,0.062,0.156
12212,0.001,0.077,0.629,0.062,0.156
12213,0.001,0.08,0.629,0.062,0.156
12214,0.001,0.084,0.629,0.062,0.156
12215,0.001,0.088,0.629,0.062,0.156
12216,0.0,0.091,0.629,0.062,0.156
12217,0.001,0.095,0.629,0.062,0.156
12218,0.001,0.099,0.629,0.062,0.156
12219,0.001,0.102,0.629,0.062,0.156
12220,0.001,0.106,0.629,0.062,0.156
12268,0.0,0.004,0.64,0.25,0.066
12279,0.004,0.004,0.629,0.25,0.066
12280,0.0,0.099,0.629,0.008,0.155
12283,0.0,0.091,0.629,0.008,0.155
12284,0.0,0.091,0.634,0.008,0.155
12285,0.0,0.091,0.634,0.008,0.155
12286,0.0,0.088,0.634,0.008,0.155
12288,0.026,0.004,0.623,0.25,0.073
12290,0.005,0.015,0.623,0.125,0.155
12298,0.005,0.004,0.554,0.125,0.155
12371,0.005,0.004,0.571,0.125,0.157
12374,0.005,0.004,0.594,0.125,0.157
12375,0.006,0.004,0.583,0.125,0.156
12376,0.005,0.007,0.577,0.125,0.155
12475,0.0,0.022,0.566,0.008,0.159
12476,0.0,0.026,0.566,0.008,0.159
12477,0.0,0.029,0.566,0.008,0.159
12478,0.0,0.033,0.566,0.008,0.159
12479,0.0,0.036,0.566,0.008,0.159
12480,0.0,0.04,0.566,0.008,0.159
12487,0.0,0.015,0.64,0.25,0.158
12488,0.007,0.018,0.617,0.062,0.158
12492,0.004,0.022,0.629,0.016,0.158
12540,0.006,0.004,0.549,0.125,0.16
12596,0.0,0.004,0.549,0.25,0.16
12599,0.0,0.011,0.554,0.125,0.16
12601,0.0,0.011,0.646,0.25,0.16
12602,0.0,0.015,0.646,0.125,0.16
12603,0.0,0.018,0.646,0.25,0.16
12608,0.0,0.018,0.617,0.008,0.16
12609,0.0,0.018,0.623,0.008,0.16
12610,0.0,0.018,0.629,0.008,0.16
12611,0.0,0.018,0.634,0.008,0.16
12613,0.0,0.018,0.611,0.008,0.16
12615,0.0,0.018,0.6,0.008,0.16
12616,0.0,0.018,0.594,0.008,0.16
12618,0.0,0.018,0.646,0.008,0.16
12619,0.003,0.018,0.554,0.094,0.16
12622,0.0,0.018,0.617,0.008,0.16
12624,0.0,0.018,0.629,0.008,0.16
12626,0.0,0.018,0.617,0.008,0.16
12628,0.005,0.018,0.623,0.016,0.16
12629,0.0,0.018,0.634,0.008,0.16
12632,0.0,0.018,0.64,0.008,0.16
12633,0.0,0.018,0.634,0.008,0.16
12634,0.0,0.018,0.634,0.008,0.16
12635,0.0,0.018,0.64,0.008,0.16
12636,0.0,0.018,0.634,0.008,0.16
12637,0.0,0.018,0.64,0.008,0.16
12638,0.0,0.018,0.646,0.008,0.16
12639,0.0,0.018,0.646,0.008,0.16
12640,0.0,0.018,0.646,0.008,0.16
12641,0.006,0.018,0.64,0.125,0.16
12642,0.0,0.018,0.634,0.008,0.161
12644,0.0,0.018,0.634,0.008,0.16
12648,0.0,0.018,0.566,0.008,0.159
12649,0.0,0.018,0.571,0.008,0.159
12650,0.0,0.018,0.577,0.008,0.159
12651,0.0,0.022,0.577,0.008,0.159
12652,0.0,0.018,0.589,0.008,0.159
12653,0.0,0.022,0.583,0.008,0.159
12654,0.0,0.018,0.589,0.008,0.159
12655,0.0,0.018,0.589,0.008,0.159
12656,0.0,0.022,0.583,0.008,0.159
12657,0.0,0.018,0.589,0.008,0.159
12658,0.0,0.018,0.589,0.008,0.159
12659,0.0,0.018,0.594,0.008,0.159
12660,0.0,0.022,0.594,0.008,0.159
12661,0.0,0.022,0.594,0.008,0.159
12662,0.0,0.022,0.594,0.008,0.159
12663,0.0,0.018,0.606,0.008,0.159
12664,0.0,0.018,0.577,0.008,0.159
12665,0.0,0.018,0.583,0.008,0.159
12667,0.0,0.022,0.583,0.008,0.159
12668,0.0,0.026,0.583,0.008,0.159
12671,0.006,0.022,0.651,0.125,0.159
12672,0.0,0.022,0.651,0.008,0.16
12674,0.0,0.026,0.651,0.008,0.16
12675,0.0,0.029,0.651,0.008,0.16
12676,0.0,0.033,0.651,0.008,0.16
12678,0.007,0.022,0.634,0.062,0.159
12679,0.0,0.026,0.623,0.008,0.159
12680,0.038,0.026,0.629,0.125,0.159
12682,0.0,0.029,0.629,0.008,0.163
12683,0.0,0.026,0.64,0.008,0.163
12684,0.0,0.026,0.646,0.008,0.163
12685,0.0,0.026,0.651,0.008,0.163
12686,0.0,0.029,0.651,0.008,0.163
12687,0.0,0.033,0.651,0.008,0.163
12688,0.0,0.036,0.651,0.008,0.163
12691,0.0,0.026,0.64,0.008,0.163
12692,0.0,0.026,0.646,0.008,0.163
12693,0.0,0.026,0.651,0.25,0.163
12694,0.0,0.029,0.646,0.008,0.162
12695,0.0,0.029,0.651,0.008,0.162
12696,0.0,0.033,0.651,0.008,0.162
12697,0.0,0.029,0.634,0.008,0.162
12698,0.0,0.029,0.64,0.008,0.162
12699,0.0,0.026,0.646,0.008,0.163
12701,0.0,0.026,0.651,0.008,0.163
12702,0.0,0.029,0.651,0.008,0.163
12703,0.0,0.033,0.651,0.008,0.163
12704,0.0,0.033,0.651,0.008,0.163
12705,0.0,0.036,0.651,0.008,0.163
12706,0.0,0.04,0.651,0.008,0.163
12707,0.0,0.044,0.651,0.008,0.163
12708,0.0,0.047,0.651,0.008,0.163
12709,0.0,0.051,0.651,0.008,0.163
12710,0.0,0.051,0.646,0.008,0.163
12711,0.0,0.051,0.651,0.008,0.163
12712,0.0,0.055,0.651,0.008,0.163
12713,0.0,0.058,0.651,0.008,0.163
12714,0.0,0.058,0.651,0.008,0.163
12715,0.0,0.062,0.651,0.008,0.163
12716,0.0,0.066,0.651,0.008,0.163
12717,0.0,0.069,0.651,0.008,0.163
12718,0.0,0.066,0.646,0.008,0.163
12719,0.0,0.051,0.646,0.008,0.163
12720,0.0,0.029,0.651,0.008,0.163
12721,0.0,0.026,0.646,0.008,0.163
12722,0.0,0.026,0.606,0.008,0.163
12723,0.0,0.026,0.611,0.008,0.163
12724,0.0,0.026,0.617,0.008,0.163
12725,0.0,0.026,0.617,0.008,0.163
12726,0.0,0.026,0.611,0.008,0.163
12727,0.0,0.026,0.611,0.008,0.163
12728,0.0,0.026,0.606,0.008,0.162
12729,0.006,0.029,0.606,0.125,0.162
12730,0.0,0.029,0.611,0.008,0.162
12731,0.0,0.026,0.617,0.008,0.163
12732,0.0,0.026,0.6,0.008,0.163
12744,0.0,0.026,0.623,0.008,0.163
12746,0.0,0.026,0.634,0.008,0.163
12747,0.0,0.026,0.64,0.008,0.163
12748,0.0,0.026,0.646,0.008,0.163
12749,0.0,0.029,0.646,0.008,0.163
12750,0.0,0.029,0.651,0.008,0.163
12751,0.0,0.033,0.651,0.008,0.163
12752,0.0,0.029,0.651,0.008,0.163
12753,0.0,0.033,0.651,0.008,0.163
12754,0.0,0.036,0.651,0.008,0.163
12755,0.0,0.04,0.634,0.008,0.163
12756,0.0,0.044,0.634,0.008,0.163
12757,0.0,0.047,0.634,0.008,0.163
12758,0.0,0.051,0.634,0.008,0.163
12759,0.0,0.055,0.634,0.008,0.163
12760,0.0,0.047,0.651,0.008,0.163
12761,0.0,0.051,0.651,0.008,0.163
12762,0.0,0.055,0.651,0.008,0.163
12763,0.0,0.058,0.651,0.008,0.163
12764,0.0,0.062,0.651,0.008,0.163
12765,0.0,0.066,0.646,0.008,0.163
12766,0.0,0.069,0.64,0.008,0.163
12767,0.0,0.073,0.64,0.008,0.163
12768,0.0,0.077,0.634,0.008,0.163
12769,0.0,0.073,0.646,0.008,0.163
12770,0.0,0.073,0.651,0.008,0.163
12771,0.0,0.077,0.651,0.008,0.163
12773,0.0,0.036,0.646,0.008,0.162
12774,0.0,0.04,0.64,0.008,0.162
12775,0.0,0.044,0.634,0.008,0.162
12776,0.0,0.047,0.634,0.008,0.162
12781,0.0,0.022,0.589,0.008,0.162
12783,0.0,0.022,0.64,0.008,0.162
12784,0.0,0.026,0.623,0.008,0.162
12785,0.0,0.029,0.606,0.008,0.162
12866,0.0,0.011,0.606,0.008,0.162
12867,0.014,0.011,0.611,0.062,0.161
12868,0.0,0.011,0.611,0.008,0.162
12869,0.0,0.011,0.611,0.008,0.162
12870,0.0,0.007,0.651,0.008,0.163
12871,0.0,0.011,0.651,0.008,0.163
12872,0.0,0.015,0.651,0.008,0.163
12873,0.0,0.018,0.651,0.008,0.163
12874,0.0,0.022,0.651,0.008,0.163
12875,0.0,0.026,0.651,0.008,0.163
12876,0.0,0.029,0.651,0.008,0.163
12877,0.0,0.033,0.651,0.008,0.163
12878,0.0,0.036,0.651,0.008,0.163
12879,0.0,0.04,0.651,0.008,0.163
12880,0.0,0.044,0.651,0.008,0.163
12881,0.0,0.047,0.651,0.008,0.163
12882,0.0,0.051,0.651,0.008,0.163
12883,0.0,0.055,0.651,0.008,0.163
12884,0.0,0.058,0.651,0.008,0.163
12885,0.0,0.062,0.651,0.008,0.163
12886,0.0,0.066,0.651,0.008,0.163
12887,0.0,0.069,0.651,0.008,0.163
12888,0.0,0.073,0.651,0.008,0.163
12889,0.0,0.077,0.651,0.008,0.163
12890,0.0,0.08,0.651,0.008,0.163
12891,0.0,0.084,0.651,0.008,0.163
12892,0.0,0.088,0.651,0.008,0.163
12893,0.0,0.091,0.651,0.008,0.163
12894,0.0,0.095,0.651,0.125,0.163
12896,0.0,0.011,0.617,0.008,0.162
12897,0.0,0.011,0.611,0.008,0.162
12898,0.0,0.011,0.611,0.008,0.162
13029,0.001,0.011,0.571,0.008,0.16
13030,0.001,0.015,0.577,0.008,0.16
13047,0.006,0.018,0.657,0.125,0.16
13048,0.008,0.022,0.566,0.062,0.159
13064,0.0,0.011,0.657,0.031,0.16
13066,0.0,0.018,0.651,0.125,0.091
13068,0.0,0.007,0.617,0.031,0.16
13070,0.0,0.007,0.623,0.031,0.16
13072,0.0,0.007,0.623,0.031,0.16
13075,0.0,0.007,0.634,0.031,0.16
13076,0.0,0.007,0.634,0.031,0.16
13077,0.0,0.007,0.657,0.031,0.16
13078,0.0,0.007,0.634,0.031,0.16
13079,0.0,0.007,0.634,0.031,0.16
13080,0.0,0.007,0.634,0.031,0.16
13081,0.0,0.007,0.634,0.031,0.16
13082,0.0,0.007,0.634,0.031,0.159
13083,0.0,0.007,0.634,0.031,0.159
13084,0.0,0.007,0.634,0.062,0.159
13085,0.0,0.011,0.634,0.062,0.159
13086,0.0,0.015,0.634,0.062,0.159
13087,0.0,0.018,0.634,0.062,0.159
13088,0.0,0.022,0.634,0.062,0.159
13089,0.0,0.026,0.634,0.062,0.159
13090,0.0,0.029,0.634,0.062,0.159
13091,0.0,0.033,0.634,0.062,0.159
13092,0.0,0.036,0.634,0.062,0.159
13093,0.0,0.04,0.634,0.062,0.159
13094,0.0,0.044,0.634,0.125,0.159
13095,0.0,0.047,0.634,0.125,0.159
13096,0.0,0.051,0.634,0.125,0.159
13097,0.0,0.055,0.634,0.125,0.159
13098,0.0,0.058,0.634,0.125,0.159
13099,0.0,0.062,0.634,0.125,0.159
13100,0.0,0.066,0.634,0.125,0.159
13101,0.0,0.069,0.634,0.125,0.159
13102,0.0,0.073,0.634,0.125,0.159
13103,0.0,0.077,0.634,0.125,0.159
13104,0.0,0.08,0.634,0.25,0.159
13105,0.0,0.084,0.634,0.25,0.159
13106,0.0,0.088,0.634,0.25,0.159
13107,0.0,0.091,0.634,0.25,0.159
13108,0.0,0.095,0.634,0.25,0.159
13109,0.0,0.099,0.634,0.25,0.159
13110,0.0,0.102,0.634,0.25,0.159
13147,0.001,0.004,0.64,0.25,0.048
13159,0.0,0.069,0.566,0.031,0.164
13160,0.0,0.069,0.566,0.031,0.164
13161,0.0,0.069,0.566,0.031,0.164
13162,0.0,0.069,0.566,0.031,0.164
13163,0.0,0.069,0.566,0.031,0.164
13164,0.006,0.047,0.554,0.125,0.164
13167,0.006,0.004,0.549,0.125,0.165
13169,0.012,0.004,0.594,0.125,0.166
13170,0.0,0.004,0.686,0.008,0.167
13171,0.005,0.004,0.691,0.125,0.166
13172,0.0,0.004,0.686,0.008,0.166
13174,0.0,0.004,0.691,0.008,0.166
13179,0.0,0.004,0.566,0.008,0.165
13181,0.001,0.004,0.577,0.031,0.165
13182,0.0,0.004,0.6,0.031,0.165
13183,0.001,0.004,0.623,0.031,0.165
13184,0.001,0.004,0.646,0.031,0.166
13185,0.0,0.007,0.646,0.031,0.166
13186,0.001,0.004,0.691,0.031,0.166
13187,0.001,0.004,0.691,0.031,0.166
13188,0.0,0.007,0.691,0.031,0.166
13189,0.001,0.011,0.691,0.031,0.166
13190,0.001,0.015,0.691,0.031,0.166
13191,0.001,0.015,0.686,0.062,0.166
13192,0.001,0.018,0.686,0.062,0.165
13193,0.001,0.022,0.686,0.062,0.165
13194,0.001,0.026,0.686,0.062,0.165
13195,0.001,0.029,0.686,0.062,0.165
13196,0.001,0.033,0.686,0.062,0.165
13197,0.0,0.036,0.686,0.062,0.165
13198,0.0,0.04,0.686,0.062,0.165
13199,0.001,0.044,0.686,0.062,0.165
13200,0.0,0.047,0.686,0.062,0.165
13201,0.0,0.051,0.686,0.008,0.165
13202,0.0,0.051,0.686,0.008,0.165
13203,0.0,0.051,0.686,0.008,0.165
13206,0.006,0.051,0.686,0.125,0.165
13207,0.0,0.047,0.669,0.008,0.165
13209,0.0,0.036,0.691,0.008,0.165
13210,0.008,0.04,0.691,0.125,0.165
13211,0.019,0.036,0.691,0.062,0.165
13212,0.0,0.004,0.669,0.031,0.167
13213,0.0,0.007,0.669,0.062,0.167
13214,0.0,0.007,0.691,0.031,0.167
13215,0.0,0.011,0.691,0.062,0.167
13216,0.0,0.015,0.691,0.125,0.167
13217,0.0,0.018,0.691,0.25,0.167
13219,0.0,0.022,0.646,0.008,0.166
13220,0.007,0.015,0.697,0.125,0.166
13230,0.002,0.015,0.64,0.008,0.162
13231,0.002,0.015,0.646,0.008,0.162
13232,0.001,0.015,0.651,0.008,0.162
13233,0.038,0.015,0.657,0.125,0.162
13234,0.0,0.018,0.611,0.031,0.162
13235,0.0,0.018,0.611,0.031,0.162
13236,0.0,0.018,0.611,0.031,0.162
13237,0.004,0.018,0.611,0.062,0.162
13238,0.0,0.022,0.611,0.016,0.162
13241,0.0,0.018,0.657,0.031,0.162
13242,0.0,0.018,0.657,0.031,0.162
13243,0.0,0.018,0.657,0.008,0.162
13248,0.0,0.018,0.623,0.25,0.162
13249,0.0,0.022,0.623,0.25,0.162
13251,0.0,0.026,0.629,0.25,0.162
13252,0.001,0.029,0.629,0.031,0.162
13254,0.0,0.033,0.583,0.008,0.162
13255,0.0,0.033,0.583,0.031,0.162
13256,0.0,0.033,0.583,0.031,0.162
13257,0.0,0.033,0.583,0.031,0.162
13258,0.0,0.033,0.583,0.008,0.162
13260,0.001,0.033,0.583,0.094,0.162
13261,0.002,0.033,0.651,0.008,0.162
13262,0.0,0.033,0.657,0.031,0.162
13263,0.0,0.036,0.657,0.008,0.162
13264,0.0,0.04,0.657,0.062,0.162
13265,0.0,0.044,0.657,0.125,0.162
13266,0.002,0.047,0.657,0.25,0.162
13268,0.001,0.044,0.589,0.094,0.162
13269,0.001,0.044,0.657,0.094,0.162
13270,0.001,0.044,0.589,0.094,0.162
13271,0.0,0.044,0.651,0.062,0.162
13272,0.0,0.047,0.651,0.062,0.162
13273,0.0,0.051,0.651,0.062,0.162
13274,0.0,0.055,0.651,0.062,0.162
13275,0.0,0.058,0.651,0.062,0.162
13276,0.0,0.062,0.651,0.062,0.162
13277,0.0,0.066,0.651,0.062,0.162
13278,0.0,0.069,0.651,0.062,0.162
13279,0.0,0.073,0.651,0.062,0.162
13280,0.0,0.077,0.651,0.062,0.162
13281,0.0,0.08,0.651,0.016,0.162
13282,0.0,0.084,0.651,0.062,0.162
13283,0.0,0.088,0.651,0.062,0.162
13284,0.0,0.091,0.651,0.062,0.162
13285,0.0,0.095,0.651,0.062,0.162
13286,0.0,0.099,0.651,0.062,0.162
13287,0.0,0.102,0.651,0.062,0.162
13288,0.0,0.106,0.651,0.062,0.162
13289,0.0,0.109,0.651,0.062,0.162
13300,0.001,0.036,0.651,0.008,0.162
13301,0.0,0.036,0.657,0.062,0.162
13302,0.002,0.04,0.629,0.008,0.162
13303,0.0,0.04,0.629,0.031,0.163
13304,0.004,0.04,0.629,0.031,0.163
13305,0.0,0.04,0.651,0.031,0.163
13308,0.0,0.04,0.657,0.031,0.162
13310,0.002,0.044,0.657,0.008,0.162
13312,0.001,0.047,0.657,0.008,0.162
13313,0.024,0.051,0.657,0.117,0.162
13315,0.0,0.047,0.623,0.031,0.162
13316,0.001,0.047,0.623,0.031,0.162
13317,0.001,0.047,0.646,0.031,0.163
13319,0.0,0.051,0.646,0.031,0.162
13320,0.0,0.055,0.64,0.016,0.162
13321,0.0,0.055,0.651,0.008,0.162
13322,0.0,0.047,0.64,0.008,0.162
13323,0.0,0.047,0.646,0.016,0.162
13325,0.002,0.047,0.64,0.008,0.162
13326,0.0,0.047,0.646,0.008,0.163
13330,0.0,0.047,0.629,0.016,0.163
13331,0.0,0.047,0.634,0.016,0.163
13333,0.0,0.047,0.64,0.016,0.163
13334,0.0,0.047,0.64,0.016,0.163
13336,0.0,0.047,0.64,0.016,0.163
13337,0.0,0.047,0.646,0.016,0.163
13338,0.0,0.047,0.646,0.016,0.163
13339,0.0,0.047,0.646,0.016,0.163
13340,0.0,0.047,0.646,0.016,0.163
13341,0.0,0.047,0.646,0.016,0.163
13342,0.0,0.051,0.646,0.016,0.163
13343,0.0,0.047,0.646,0.016,0.163
13344,0.0,0.047,0.646,0.016,0.163
13345,0.0,0.04,0.646,0.016,0.163
13346,0.0,0.033,0.657,0.016,0.165
13347,0.001,0.033,0.651,0.008,0.165
13355,0.0,0.011,0.6,0.016,0.169
13356,0.0,0.011,0.6,0.016,0.169
13357,0.0,0.011,0.6,0.016,0.169
13359,0.0,0.011,0.611,0.016,0.169
13360,0.0,0.011,0.6,0.016,0.169
13361,0.0,0.011,0.611,0.016,0.169
13362,0.0,0.011,0.6,0.016,0.169
13363,0.0,0.011,0.6,0.016,0.169
13364,0.0,0.011,0.6,0.016,0.169
13365,0.0,0.011,0.6,0.016,0.169
13366,0.0,0.011,0.6,0.016,0.169
13367,0.0,0.011,0.6,0.016,0.169
13368,0.0,0.011,0.6,0.016,0.169
13369,0.0,0.011,0.6,0.016,0.169
13370,0.0,0.011,0.6,0.016,0.169
13371,0.0,0.011,0.6,0.25,0.169
13372,0.005,0.015,0.6,0.125,0.168
13374,0.006,0.015,0.6,0.125,0.168
13375,0.005,0.015,0.549,0.125,0.167
13384,0.0,0.022,0.589,0.062,0.167
13397,0.0,0.026,0.629,0.062,0.166
13415,0.0,0.022,0.583,0.062,0.166
13416,0.0,0.026,0.583,0.062,0.166
13417,0.0,0.026,0.583,0.062,0.166
13431,0.0,0.011,0.577,0.031,0.165
13432,0.0,0.011,0.577,0.031,0.165
13433,0.0,0.011,0.577,0.031,0.165
13434,0.0,0.011,0.577,0.031,0.165
13435,0.0,0.011,0.577,0.031,0.165
13436,0.0,0.011,0.577,0.031,0.165
13437,0.0,0.011,0.571,0.031,0.165
13438,0.0,0.011,0.571,0.062,0.165
13439,0.0,0.011,0.571,0.016,0.165
13440,0.005,0.011,0.566,0.125,0.164
13441,0.0,0.007,0.651,0.016,0.164
13442,0.0,0.007,0.646,0.016,0.164
13444,0.0,0.007,0.646,0.016,0.163
13445,0.0,0.007,0.646,0.016,0.163
13446,0.0,0.007,0.646,0.016,0.163
13447,0.0,0.007,0.646,0.016,0.163
13448,0.0,0.007,0.646,0.016,0.163
13449,0.0,0.007,0.657,0.062,0.163
13450,0.0,0.011,0.64,0.016,0.163
13451,0.0,0.011,0.64,0.016,0.163
13452,0.0,0.011,0.64,0.016,0.163
13453,0.006,0.011,0.64,0.125,0.163
13456,0.0,0.007,0.646,0.062,0.164
13457,0.002,0.011,0.646,0.008,0.164
13458,0.001,0.015,0.646,0.008,0.164
13461,0.024,0.011,0.657,0.117,0.164
13462,0.002,0.015,0.657,0.008,0.164
13463,0.0,0.018,0.657,0.016,0.164
13464,0.0,0.022,0.657,0.016,0.164
13465,0.0,0.026,0.657,0.016,0.164
13466,0.0,0.029,0.657,0.031,0.164
13467,0.0,0.033,0.657,0.062,0.164
13468,0.0,0.036,0.657,0.062,0.163
13469,0.0,0.04,0.657,0.062,0.163
13470,0.0,0.044,0.657,0.062,0.163
13471,0.0,0.047,0.657,0.062,0.163
13472,0.0,0.051,0.657,0.062,0.163
13473,0.0,0.055,0.657,0.062,0.163
13474,0.0,0.058,0.657,0.062,0.163
13475,0.0,0.062,0.657,0.062,0.163
13476,0.0,0.066,0.657,0.062,0.163
13477,0.0,0.069,0.657,0.062,0.163
13478,0.0,0.004,0.657,0.016,0.167
13480,0.038,0.007,0.657,0.125,0.166
13481,0.0,0.011,0.657,0.062,0.166
13483,0.0,0.018,0.657,0.062,0.166
13484,0.0,0.022,0.657,0.062,0.166
13485,0.0,0.026,0.657,0.062,0.166
13486,0.0,0.029,0.657,0.062,0.166
13487,0.0,0.033,0.657,0.062,0.166
13488,0.0,0.036,0.657,0.062,0.166
13489,0.0,0.04,0.657,0.062,0.166
13490,0.0,0.044,0.657,0.062,0.166
13492,0.005,0.047,0.657,0.125,0.166
13493,0.0,0.018,0.657,0.016,0.166
13494,0.0,0.022,0.657,0.016,0.166
13497,0.006,0.026,0.657,0.125,0.166
13498,0.0,0.015,0.657,0.062,0.165
13499,0.0,0.018,0.657,0.062,0.165
13502,0.005,0.018,0.611,0.125,0.165
13505,0.002,0.018,0.629,0.031,0.166
13520,0.0,0.018,0.617,0.062,0.165
13521,0.0,0.022,0.617,0.062,0.165
13525,0.009,0.022,0.623,0.031,0.165
13528,0.0,0.022,0.623,0.062,0.165
13529,0.0,0.026,0.623,0.031,0.165
13530,0.0,0.026,0.623,0.031,0.165
13531,0.0,0.026,0.623,0.031,0.165
13532,0.0,0.026,0.623,0.031,0.165
13533,0.0,0.026,0.617,0.031,0.165
13534,0.005,0.026,0.617,0.25,0.165
13539,0.013,0.018,0.657,0.062,0.165
13540,0.003,0.022,0.657,0.062,0.165
13542,0.0,0.022,0.623,0.008,0.164
13543,0.014,0.015,0.623,0.125,0.166
13544,0.006,0.018,0.611,0.125,0.165
13545,0.005,0.018,0.64,0.125,0.165
13547,0.006,0.018,0.634,0.125,0.168
13551,0.0,0.018,0.629,0.125,0.168
13552,0.002,0.022,0.629,0.008,0.167
13553,0.002,0.022,0.634,0.008,0.168
13554,0.002,0.026,0.634,0.008,0.168
13556,0.005,0.022,0.617,0.125,0.168
13557,0.0,0.026,0.617,0.031,0.168
13558,0.009,0.026,0.64,0.125,0.168
13560,0.005,0.029,0.617,0.047,0.168
13565,0.007,0.018,0.611,0.062,0.168
13575,0.002,0.011,0.646,0.25,0.169
13577,0.006,0.015,0.657,0.125,0.169
13578,0.005,0.018,0.566,0.125,0.168
13582,0.001,0.007,0.657,0.062,0.17
13583,0.0,0.011,0.657,0.016,0.17
13587,0.0,0.011,0.657,0.125,0.169
13588,0.0,0.015,0.657,0.062,0.168
13589,0.0,0.018,0.657,0.062,0.168
13590,0.0,0.022,0.657,0.062,0.168
13591,0.0,0.026,0.657,0.062,0.168
13592,0.0,0.029,0.657,0.062,0.168
13593,0.0,0.033,0.657,0.062,0.168
13594,0.0,0.036,0.657,0.062,0.168
13595,0.0,0.04,0.657,0.062,0.168
13596,0.0,0.044,0.657,0.062,0.168
13597,0.0,0.047,0.657,0.062,0.168
13598,0.0,0.051,0.657,0.062,0.168
13599,0.0,0.055,0.657,0.062,0.167
13600,0.0,0.058,0.657,0.062,0.167
13601,0.0,0.062,0.657,0.062,0.167
13602,0.0,0.066,0.657,0.062,0.167
13603,0.0,0.069,0.657,0.062,0.167
13604,0.0,0.073,0.657,0.062,0.167
13605,0.0,0.077,0.657,0.062,0.167
13606,0.0,0.08,0.657,0.062,0.167
13607,0.0,0.084,0.657,0.062,0.167
13608,0.012,0.088,0.657,0.125,0.167
13609,0.0,0.091,0.566,0.062,0.167
13610,0.0,0.095,0.566,0.062,0.167
13611,0.0,0.091,0.646,0.062,0.167
13612,0.0,0.095,0.646,0.062,0.167
13613,0.0,0.099,0.646,0.062,0.167
13614,0.0,0.102,0.646,0.062,0.167
13615,0.0,0.102,0.64,0.062,0.167
13616,0.0,0.106,0.64,0.062,0.167
13617,0.0,0.109,0.64,0.062,0.167
13619,0.0,0.109,0.64,0.062,0.167
13620,0.0,0.113,0.64,0.008,0.167
13649,0.076,0.007,0.594,0.25,0.078
13716,0.0,0.109,0.634,0.008,0.166
13717,0.0,0.109,0.634,0.008,0.166
13718,0.0,0.109,0.634,0.008,0.166
13719,0.0,0.109,0.634,0.008,0.166
13720,0.0,0.109,0.64,0.008,0.166
13721,0.0,0.109,0.64,0.008,0.166
13722,0.0,0.109,0.64,0.008,0.166
13723,0.0,0.109,0.64,0.008,0.166
13724,0.0,0.109,0.64,0.008,0.166
13725,0.0,0.109,0.629,0.008,0.166
13726,0.0,0.109,0.634,0.008,0.166
13727,0.0,0.109,0.64,0.062,0.166
13788,0.002,0.026,0.6,0.062,0.166
13790,0.0,0.015,0.64,0.125,0.165
13791,0.0,0.004,0.543,0.125,0.167
13831,0.0,0.018,0.566,0.062,0.167
13834,0.0,0.018,0.611,0.062,0.167
13835,0.0,0.018,0.657,0.062,0.167
13836,0.0,0.022,0.566,0.062,0.167
13837,0.0,0.018,0.657,0.062,0.167
13838,0.0,0.022,0.611,0.062,0.167
13839,0.0,0.018,0.566,0.062,0.167
13840,0.0,0.018,0.611,0.062,0.167
13843,0.0,0.018,0.611,0.062,0.167
13844,0.0,0.022,0.611,0.062,0.167
13845,0.0,0.022,0.611,0.062,0.167
13847,0.0,0.022,0.657,0.062,0.167
13848,0.0,0.018,0.566,0.062,0.167
13849,0.0,0.022,0.566,0.062,0.167
13850,0.0,0.018,0.566,0.062,0.167
13853,0.0,0.018,0.657,0.062,0.167
13854,0.0,0.022,0.657,0.062,0.167
13855,0.0,0.026,0.657,0.062,0.167
13856,0.0,0.029,0.657,0.062,0.167
13872,0.0,0.022,0.566,0.062,0.167
13874,0.0,0.026,0.611,0.062,0.166
13885,0.0,0.026,0.657,0.062,0.166
13893,0.0,0.022,0.566,0.062,0.166
13896,0.0,0.022,0.657,0.062,0.166
13902,0.0,0.022,0.566,0.062,0.166
13903,0.0,0.026,0.566,0.062,0.166
13914,0.0,0.022,0.566,0.062,0.166
13923,0.0,0.022,0.657,0.062,0.166
13924,0.0,0.026,0.657,0.062,0.166
13925,0.0,0.029,0.657,0.062,0.166
13926,0.0,0.033,0.657,0.062,0.166
13950,0.0,0.022,0.629,0.062,0.166
13951,0.0,0.026,0.583,0.062,0.166
13953,0.0,0.026,0.629,0.062,0.166
13961,0.0,0.022,0.634,0.062,0.166
13965,0.0,0.022,0.589,0.062,0.166
13972,0.0,0.022,0.589,0.062,0.166
14029,0.0,0.022,0.566,0.008,0.166
14030,0.0,0.026,0.566,0.008,0.166
14031,0.0,0.029,0.566,0.008,0.166
14032,0.0,0.022,0.583,0.008,0.166
14033,0.0,0.026,0.583,0.008,0.166
14034,0.0,0.022,0.583,0.008,0.166
14035,0.0,0.026,0.583,0.008,0.166
14036,0.0,0.022,0.583,0.016,0.166
14037,0.0,0.022,0.594,0.008,0.166
14038,0.0,0.022,0.583,0.008,0.166
14039,0.0,0.026,0.583,0.008,0.166
14040,0.0,0.022,0.583,0.008,0.166
14041,0.0,0.022,0.583,0.008,0.166
14042,0.0,0.022,0.583,0.008,0.166
14043,0.0,0.022,0.583,0.008,0.166
14044,0.0,0.026,0.583,0.008,0.166
14045,0.0,0.022,0.589,0.016,0.166
14046,0.0,0.026,0.583,0.008,0.166
14047,0.0,0.022,0.571,0.008,0.166
14048,0.0,0.022,0.571,0.008,0.166
14049,0.0,0.022,0.577,0.008,0.166
14050,0.0,0.022,0.571,0.008,0.166
14051,0.0,0.022,0.577,0.008,0.166
14052,0.0,0.026,0.577,0.008,0.166
14053,0.0,0.029,0.571,0.008,0.166
14054,0.0,0.033,0.571,0.008,0.166
14056,0.0,0.022,0.577,0.008,0.166
14057,0.0,0.026,0.577,0.008,0.166
14058,0.0,0.022,0.589,0.008,0.166
14059,0.0,0.026,0.589,0.008,0.166
14060,0.0,0.029,0.577,0.008,0.166
14061,0.0,0.033,0.577,0.008,0.166
14062,0.0,0.036,0.577,0.008,0.166
14063,0.0,0.022,0.577,0.008,0.166
14064,0.0,0.026,0.577,0.008,0.166
14065,0.0,0.022,0.583,0.008,0.166
14066,0.0,0.026,0.583,0.008,0.166
14067,0.0,0.026,0.589,0.008,0.166
14068,0.0,0.029,0.583,0.008,0.166
14069,0.0,0.033,0.577,0.008,0.166
14070,0.0,0.029,0.583,0.008,0.166
14071,0.0,0.029,0.589,0.008,0.166
14072,0.0,0.033,0.577,0.008,0.166
14073,0.0,0.029,0.589,0.008,0.166
14074,0.0,0.029,0.589,0.008,0.166
14075,0.0,0.029,0.589,0.008,0.166
14076,0.0,0.033,0.589,0.008,0.166
14077,0.0,0.036,0.589,0.008,0.166
14078,0.0,0.04,0.583,0.008,0.166
14079,0.0,0.044,0.583,0.008,0.166
14080,0.0,0.029,0.583,0.008,0.166
14081,0.0,0.029,0.583,0.008,0.166
14082,0.0,0.029,0.583,0.008,0.166
14083,0.0,0.033,0.583,0.008,0.166
14084,0.0,0.029,0.589,0.062,0.166
14085,0.0,0.029,0.634,0.008,0.166
14086,0.0,0.033,0.634,0.062,0.166
14087,0.0,0.033,0.64,0.008,0.166
14088,0.0,0.036,0.64,0.062,0.166
14089,0.0,0.04,0.594,0.008,0.166
14090,0.0,0.044,0.589,0.062,0.166
14091,0.0,0.047,0.589,0.008,0.166
14092,0.0,0.051,0.589,0.062,0.166
14093,0.0,0.044,0.594,0.062,0.166
14094,0.0,0.047,0.594,0.062,0.166
14095,0.0,0.051,0.589,0.062,0.166
14096,0.0,0.051,0.634,0.062,0.166
14097,0.0,0.055,0.634,0.062,0.166
14098,0.0,0.058,0.589,0.008,0.166
14099,0.0,0.062,0.589,0.062,0.166
14100,0.0,0.066,0.589,0.062,0.166
14101,0.0,0.069,0.583,0.008,0.166
14102,0.0,0.073,0.583,0.008,0.166
14103,0.0,0.073,0.617,0.062,0.166
14104,0.0,0.077,0.571,0.062,0.166
14105,0.0,0.08,0.571,0.062,0.166
14106,0.0,0.084,0.571,0.062,0.166
14107,0.0,0.088,0.571,0.062,0.166
14108,0.0,0.091,0.571,0.062,0.166
14109,0.0,0.095,0.571,0.008,0.166
14110,0.0,0.099,0.571,0.062,0.166
14111,0.0,0.099,0.611,0.062,0.166
14112,0.0,0.102,0.566,0.008,0.166
14113,0.0,0.106,0.566,0.008,0.166
14218,0.0,0.08,0.651,0.008,0.166
14219,0.0,0.073,0.657,0.008,0.166
14220,0.0,0.077,0.651,0.008,0.165
14221,0.0,0.077,0.657,0.008,0.165
14222,0.0,0.08,0.646,0.008,0.165
14223,0.0,0.073,0.657,0.008,0.165
14224,0.0,0.077,0.651,0.008,0.165
14225,0.0,0.073,0.657,0.008,0.165
14226,0.0,0.073,0.657,0.008,0.165
14227,0.0,0.077,0.657,0.008,0.165
14228,0.0,0.08,0.646,0.008,0.165
14229,0.0,0.073,0.657,0.008,0.165
14230,0.0,0.077,0.657,0.008,0.165
14231,0.0,0.08,0.646,0.008,0.165
14232,0.0,0.077,0.651,0.008,0.165
14233,0.0,0.073,0.657,0.008,0.165
14234,0.0,0.062,0.657,0.008,0.165
14235,0.0,0.051,0.657,0.008,0.165
14236,0.0,0.055,0.657,0.008,0.165
14237,0.0,0.051,0.657,0.008,0.165
14238,0.0,0.055,0.657,0.008,0.165
14239,0.0,0.058,0.657,0.008,0.165
14240,0.0,0.062,0.651,0.008,0.165
14241,0.0,0.051,0.651,0.008,0.165
14242,0.0,0.047,0.657,0.008,0.165
14243,0.0,0.047,0.657,0.008,0.165
14244,0.0,0.047,0.651,0.008,0.165
14245,0.0,0.044,0.657,0.008,0.165
14246,0.0,0.047,0.651,0.008,0.165
14247,0.0,0.047,0.651,0.008,0.165
14248,0.0,0.051,0.651,0.008,0.165
14249,0.0,0.055,0.651,0.008,0.165
14250,0.0,0.047,0.651,0.008,0.165
14251,0.0,0.044,0.657,0.008,0.165
14252,0.0,0.047,0.657,0.008,0.165
14253,0.0,0.044,0.657,0.008,0.165
14254,0.0,0.044,0.657,0.008,0.165
14255,0.0,0.044,0.657,0.008,0.165
14256,0.0,0.044,0.657,0.008,0.165
14257,0.0,0.044,0.657,0.008,0.165
14258,0.0,0.044,0.657,0.008,0.165
14259,0.0,0.044,0.657,0.008,0.165
14260,0.0,0.047,0.657,0.008,0.165
14261,0.0,0.044,0.657,0.008,0.165
14262,0.0,0.047,0.657,0.008,0.165
14263,0.0,0.04,0.657,0.008,0.165
14264,0.0,0.044,0.657,0.008,0.165
14265,0.0,0.047,0.651,0.008,0.165
14266,0.0,0.04,0.657,0.008,0.165
14267,0.0,0.044,0.657,0.008,0.165
14268,0.0,0.047,0.651,0.008,0.165
14269,0.0,0.04,0.657,0.008,0.165
14270,0.0,0.04,0.657,0.008,0.165
14271,0.0,0.044,0.651,0.008,0.165
14272,0.0,0.044,0.657,0.008,0.165
14273,0.0,0.04,0.657,0.008,0.165
14274,0.0,0.04,0.657,0.008,0.165
14275,0.0,0.044,0.651,0.008,0.165
14276,0.0,0.04,0.657,0.008,0.165
14277,0.0,0.04,0.657,0.008,0.165
14278,0.0,0.044,0.657,0.008,0.165
14279,0.0,0.04,0.657,0.008,0.165
14280,0.0,0.044,0.657,0.008,0.165
14281,0.0,0.04,0.657,0.008,0.165
14282,0.0,0.04,0.657,0.008,0.165
14283,0.0,0.044,0.651,0.008,0.165
14284,0.0,0.04,0.657,0.008,0.165
14285,0.0,0.04,0.657,0.008,0.165
14286,0.0,0.044,0.651,0.008,0.165
14287,0.0,0.04,0.657,0.008,0.165
14288,0.0,0.04,0.657,0.008,0.165
14289,0.0,0.044,0.657,0.008,0.165
14290,0.0,0.047,0.651,0.008,0.165
14291,0.0,0.04,0.657,0.008,0.165
14292,0.0,0.04,0.651,0.008,0.165
14293,0.0,0.036,0.657,0.008,0.165
14294,0.0,0.036,0.657,0.008,0.165
14295,0.0,0.033,0.657,0.008,0.169
14296,0.0,0.036,0.657,0.008,0.169
14297,0.0,0.033,0.657,0.008,0.169
14298,0.0,0.033,0.657,0.008,0.169
14299,0.0,0.033,0.657,0.008,0.169
14300,0.0,0.036,0.657,0.008,0.169
14301,0.0,0.033,0.657,0.008,0.169
14302,0.0,0.033,0.657,0.008,0.169
14303,0.0,0.029,0.657,0.008,0.169
14304,0.0,0.033,0.657,0.008,0.169
14305,0.0,0.029,0.657,0.008,0.169
14306,0.0,0.029,0.657,0.008,0.168
14307,0.0,0.029,0.657,0.008,0.168
14308,0.0,0.029,0.657,0.008,0.168
14309,0.0,0.033,0.657,0.008,0.168
14310,0.0,0.036,0.646,0.008,0.168
14311,0.0,0.029,0.657,0.008,0.168
14312,0.0,0.033,0.651,0.008,0.168
14313,0.0,0.029,0.657,0.008,0.168
14314,0.0,0.033,0.657,0.008,0.168
14315,0.0,0.036,0.646,0.008,0.168
14316,0.0,0.04,0.646,0.008,0.168
14317,0.0,0.04,0.651,0.008,0.168
14318,0.0,0.029,0.657,0.008,0.168
14319,0.0,0.029,0.657,0.008,0.168
14320,0.0,0.033,0.657,0.008,0.168
14321,0.0,0.036,0.646,0.008,0.168
14322,0.0,0.036,0.646,0.008,0.168
14323,0.0,0.029,0.657,0.008,0.168
14324,0.0,0.029,0.657,0.008,0.168
14325,0.0,0.033,0.657,0.008,0.168
14327,0.0,0.029,0.657,0.008,0.168
14328,0.0,0.029,0.657,0.008,0.168
14329,0.0,0.033,0.657,0.008,0.168
14330,0.0,0.029,0.657,0.008,0.168
14331,0.0,0.033,0.651,0.008,0.168
14332,0.0,0.026,0.657,0.008,0.168
14333,0.0,0.029,0.651,0.008,0.168
14334,0.0,0.029,0.657,0.008,0.168
14335,0.0,0.033,0.657,0.008,0.168
14336,0.0,0.036,0.657,0.008,0.168
14337,0.0,0.04,0.646,0.008,0.168
14338,0.0,0.036,0.651,0.008,0.168
14339,0.0,0.033,0.657,0.008,0.168
14340,0.0,0.036,0.657,0.008,0.168
14341,0.0,0.04,0.651,0.008,0.168
14342,0.0,0.04,0.657,0.008,0.168
14343,0.0,0.044,0.651,0.008,0.168
14344,0.0,0.047,0.651,0.008,0.168
14345,0.0,0.036,0.657,0.008,0.168
14346,0.0,0.04,0.651,0.008,0.168
14347,0.0,0.04,0.651,0.008,0.168
14348,0.0,0.036,0.657,0.008,0.168
14349,0.0,0.04,0.651,0.008,0.168
14350,0.0,0.036,0.657,0.008,0.168
14351,0.0,0.04,0.657,0.008,0.168
14352,0.0,0.044,0.64,0.008,0.168
14353,0.0,0.033,0.657,0.008,0.168
14354,0.0,0.029,0.657,0.008,0.168
14355,0.0,0.033,0.646,0.008,0.168
14356,0.0,0.029,0.657,0.008,0.168
14357,0.0,0.033,0.651,0.008,0.168
14358,0.0,0.029,0.657,0.008,0.168
14359,0.0,0.033,0.651,0.008,0.168
14360,0.0,0.022,0.657,0.008,0.168
14361,0.0,0.022,0.657,0.008,0.168
14362,0.0,0.026,0.657,0.008,0.168
14363,0.0,0.029,0.651,0.008,0.168
14364,0.0,0.022,0.657,0.008,0.168
14365,0.0,0.022,0.657,0.008,0.168
14366,0.0,0.026,0.651,0.008,0.168
14367,0.0,0.022,0.657,0.008,0.168
14368,0.0,0.022,0.657,0.008,0.168
14369,0.0,0.026,0.657,0.008,0.168
14370,0.0,0.029,0.651,0.008,0.168
14371,0.0,0.026,0.651,0.008,0.168
14372,0.0,0.026,0.657,0.008,0.168
14373,0.0,0.022,0.657,0.008,0.168
14374,0.0,0.022,0.657,0.008,0.168
14375,0.0,0.022,0.657,0.008,0.168
14376,0.0,0.026,0.657,0.008,0.168
14377,0.0,0.022,0.657,0.008,0.168
14378,0.0,0.026,0.657,0.008,0.168
14379,0.0,0.022,0.657,0.008,0.168
14380,0.0,0.026,0.651,0.008,0.168
14381,0.0,0.022,0.657,0.008,0.168
14382,0.0,0.026,0.657,0.008,0.168
14383,0.0,0.029,0.657,0.008,0.168
14384,0.0,0.022,0.657,0.008,0.168
14385,0.0,0.022,0.657,0.008,0.168
14386,0.0,0.026,0.657,0.008,0.168
14387,0.0,0.022,0.657,0.008,0.168
14388,0.0,0.022,0.657,0.008,0.168
14389,0.0,0.026,0.651,0.008,0.168
14390,0.0,0.018,0.657,0.008,0.168
14391,0.0,0.022,0.657,0.008,0.168
14392,0.0,0.018,0.657,0.008,0.168
14393,0.0,0.018,0.611,0.008,0.168
14394,0.0,0.015,0.657,0.008,0.169
14395,0.0,0.018,0.657,0.008,0.169
14396,0.0,0.015,0.651,0.008,0.169
14397,0.0,0.015,0.651,0.008,0.169
14398,0.0,0.018,0.651,0.008,0.169
14399,0.0,0.018,0.651,0.008,0.169
14400,0.0,0.015,0.651,0.008,0.169
14401,0.0,0.015,0.651,0.008,0.169
14402,0.0,0.018,0.651,0.008,0.169
14403,0.0,0.018,0.646,0.008,0.169
14404,0.0,0.007,0.657,0.008,0.169
14405,0.0,0.011,0.657,0.008,0.169
14406,0.0,0.007,0.657,0.008,0.169
14407,0.0,0.004,0.651,0.008,0.169
14408,0.0,0.004,0.657,0.008,0.169
14409,0.0,0.004,0.651,0.008,0.169
14410,0.0,0.004,0.651,0.008,0.169
14411,0.0,0.004,0.651,0.008,0.169
14412,0.0,0.004,0.651,0.008,0.169
14413,0.0,0.004,0.651,0.008,0.169
14414,0.0,0.004,0.651,0.008,0.169
14415,0.0,0.007,0.646,0.008,0.169
14416,0.0,0.004,0.657,0.008,0.169
14417,0.0,0.007,0.651,0.008,0.169
14418,0.0,0.004,0.646,0.008,0.169
14419,0.0,0.004,0.651,0.008,0.169
14420,0.0,0.004,0.651,0.008,0.169
14421,0.0,0.004,0.64,0.008,0.169
14422,0.0,0.004,0.646,0.008,0.169
14423,0.0,0.004,0.64,0.008,0.169
14424,0.0,0.007,0.634,0.008,0.169
14425,0.0,0.004,0.646,0.008,0.169
14426,0.0,0.004,0.634,0.008,0.169
14427,0.0,0.007,0.634,0.008,0.169
14428,0.0,0.004,0.634,0.008,0.169
14429,0.0,0.004,0.64,0.008,0.169
14430,0.0,0.004,0.634,0.008,0.169
14431,0.0,0.004,0.629,0.008,0.169
14432,0.0,0.004,0.634,0.008,0.169
14433,0.0,0.004,0.634,0.008,0.169
14434,0.0,0.004,0.623,0.008,0.169
14435,0.0,0.004,0.629,0.008,0.169
14436,0.0,0.004,0.623,0.008,0.169
14437,0.0,0.004,0.623,0.008,0.169
14438,0.0,0.004,0.623,0.008,0.169
14439,0.0,0.004,0.623,0.008,0.168
14440,0.0,0.004,0.623,0.008,0.168
14441,0.0,0.004,0.623,0.008,0.168
14442,0.0,0.004,0.623,0.008,0.168
14443,0.0,0.004,0.623,0.008,0.168
14444,0.0,0.004,0.629,0.008,0.168
14445,0.0,0.004,0.629,0.008,0.168
14446,0.0,0.004,0.623,0.008,0.168
14447,0.0,0.004,0.629,0.008,0.168
14448,0.0,0.007,0.623,0.008,0.168
14449,0.0,0.004,0.623,0.008,0.168
14450,0.0,0.004,0.623,0.008,0.168
14451,0.0,0.004,0.629,0.008,0.168
14452,0.0,0.004,0.623,0.008,0.168
14453,0.0,0.004,0.617,0.008,0.168
14454,0.0,0.004,0.617,0.008,0.168
14455,0.0,0.007,0.617,0.008,0.168
14456,0.0,0.011,0.617,0.008,0.168
14457,0.0,0.015,0.646,0.008,0.168
14458,0.0,0.007,0.657,0.008,0.168
14459,0.0,0.007,0.657,0.008,0.168
14460,0.0,0.011,0.651,0.008,0.168
14461,0.0,0.015,0.651,0.008,0.168
14463,0.0,0.015,0.651,0.008,0.168
14464,0.0,0.007,0.657,0.008,0.168
14465,0.0,0.011,0.657,0.008,0.168
14466,0.0,0.011,0.651,0.008,0.168
14467,0.0,0.007,0.657,0.008,0.168
14468,0.0,0.007,0.657,0.008,0.168
14469,0.0,0.011,0.651,0.008,0.168
14470,0.0,0.007,0.657,0.008,0.168
14471,0.0,0.007,0.657,0.008,0.168
14472,0.0,0.011,0.651,0.008,0.168
14473,0.0,0.015,0.651,0.008,0.168
14474,0.0,0.015,0.646,0.008,0.168
14475,0.0,0.018,0.646,0.008,0.168
14476,0.0,0.011,0.651,0.008,0.168
14477,0.0,0.007,0.657,0.008,0.168
14478,0.0,0.007,0.657,0.008,0.168
14479,0.0,0.007,0.657,0.008,0.168
14480,0.0,0.011,0.657,0.008,0.168
14481,0.0,0.007,0.657,0.008,0.168
14482,0.0,0.007,0.657,0.008,0.168
14483,0.0,0.011,0.651,0.008,0.168
14484,0.0,0.015,0.651,0.008,0.168
14485,0.0,0.011,0.651,0.008,0.168
14486,0.0,0.015,0.651,0.008,0.168
14487,0.0,0.007,0.657,0.008,0.168
14488,0.0,0.007,0.657,0.008,0.168
14489,0.0,0.011,0.651,0.008,0.168
14490,0.0,0.011,0.651,0.008,0.168
14491,0.0,0.007,0.657,0.008,0.168
14492,0.0,0.011,0.657,0.008,0.168
14493,0.0,0.011,0.651,0.008,0.168
14494,0.0,0.007,0.651,0.008,0.168
14495,0.0,0.011,0.651,0.008,0.168
14496,0.0,0.011,0.646,0.008,0.168
14497,0.0,0.007,0.657,0.008,0.168
14498,0.0,0.004,0.657,0.008,0.168
14499,0.0,0.007,0.657,0.008,0.168
14500,0.0,0.007,0.651,0.008,0.168
14501,0.0,0.011,0.651,0.008,0.168
14502,0.0,0.004,0.651,0.008,0.168
14503,0.0,0.004,0.651,0.008,0.168
14504,0.0,0.004,0.651,0.008,0.168
14505,0.0,0.004,0.651,0.008,0.168
14506,0.0,0.004,0.651,0.008,0.168
14507,0.0,0.004,0.651,0.008,0.168
14508,0.0,0.004,0.651,0.008,0.168
14509,0.0,0.004,0.651,0.008,0.168
14510,0.0,0.004,0.651,0.008,0.168
14511,0.0,0.007,0.651,0.008,0.168
14512,0.0,0.004,0.651,0.008,0.168
14513,0.0,0.004,0.651,0.008,0.168
14514,0.0,0.007,0.651,0.008,0.168
14515,0.0,0.004,0.651,0.008,0.168
14516,0.0,0.004,0.651,0.008,0.168
14517,0.0,0.004,0.651,0.008,0.168
14518,0.0,0.004,0.651,0.008,0.168
14519,0.0,0.004,0.651,0.008,0.168
14520,0.0,0.004,0.651,0.008,0.168
14521,0.0,0.007,0.646,0.008,0.168
14522,0.0,0.004,0.651,0.008,0.168
14523,0.0,0.004,0.64,0.008,0.168
14524,0.0,0.004,0.646,0.008,0.168
14525,0.0,0.007,0.64,0.008,0.168
14526,0.0,0.011,0.64,0.008,0.168
14527,0.0,0.004,0.64,0.008,0.168
14528,0.0,0.004,0.64,0.008,0.168
14529,0.0,0.007,0.64,0.008,0.168
14530,0.0,0.004,0.64,0.008,0.168
14531,0.0,0.004,0.64,0.008,0.168
14532,0.0,0.004,0.629,0.008,0.168
14533,0.0,0.004,0.623,0.008,0.168
14534,0.0,0.004,0.623,0.008,0.168
14535,0.0,0.004,0.623,0.008,0.168
14536,0.0,0.004,0.629,0.008,0.168
14537,0.0,0.004,0.623,0.008,0.168
14538,0.0,0.004,0.617,0.008,0.168
14539,0.0,0.004,0.617,0.008,0.168
14540,0.0,0.004,0.617,0.008,0.168
14541,0.0,0.004,0.617,0.008,0.168
14542,0.0,0.004,0.611,0.008,0.168
14543,0.0,0.004,0.657,0.008,0.168
14544,0.0,0.004,0.657,0.008,0.168
14545,0.0,0.004,0.657,0.008,0.168
14546,0.0,0.004,0.657,0.008,0.168
14547,0.0,0.004,0.657,0.008,0.168
14548,0.0,0.004,0.657,0.008,0.168
14549,0.0,0.004,0.657,0.008,0.168
14550,0.0,0.004,0.657,0.008,0.168
14551,0.0,0.004,0.657,0.008,0.168
14552,0.0,0.007,0.657,0.008,0.168
14553,0.0,0.004,0.657,0.008,0.168
14554,0.0,0.004,0.657,0.008,0.168
14555,0.0,0.004,0.657,0.008,0.168
14556,0.0,0.007,0.657,0.008,0.168
14557,0.0,0.004,0.651,0.008,0.168
14558,0.0,0.004,0.651,0.008,0.168
14559,0.0,0.004,0.651,0.008,0.168
14560,0.0,0.004,0.651,0.008,0.168
14561,0.0,0.007,0.646,0.008,0.168
14562,0.0,0.004,0.657,0.008,0.168
14563,0.0,0.004,0.651,0.008,0.168
14564,0.0,0.004,0.651,0.008,0.168
14565,0.0,0.004,0.651,0.008,0.168
14566,0.0,0.004,0.651,0.008,0.168
14567,0.0,0.004,0.651,0.008,0.168
14568,0.0,0.004,0.646,0.008,0.168
14569,0.0,0.004,0.646,0.008,0.168
14570,0.0,0.004,0.646,0.008,0.168
14571,0.0,0.004,0.646,0.008,0.168
14572,0.0,0.004,0.646,0.008,0.168
14573,0.0,0.004,0.646,0.008,0.168
14574,0.0,0.004,0.646,0.008,0.167
14575,0.0,0.007,0.646,0.008,0.167
14576,0.0,0.004,0.646,0.008,0.167
14577,0.0,0.004,0.646,0.008,0.167
14578,0.0,0.004,0.646,0.008,0.167
14579,0.0,0.004,0.6,0.008,0.167
14580,0.0,0.004,0.646,0.008,0.167
14581,0.0,0.004,0.646,0.008,0.167
14582,0.0,0.004,0.646,0.008,0.167
14583,0.0,0.004,0.646,0.008,0.167
14584,0.0,0.004,0.646,0.008,0.167
14585,0.0,0.004,0.6,0.008,0.167
14586,0.0,0.004,0.6,0.008,0.167
14587,0.0,0.004,0.6,0.008,0.167
14588,0.0,0.004,0.6,0.008,0.167
14589,0.0,0.004,0.6,0.008,0.167
14590,0.0,0.004,0.6,0.008,0.167
14591,0.0,0.004,0.6,0.008,0.167
14592,0.0,0.004,0.6,0.008,0.167
14593,0.0,0.007,0.6,0.008,0.167
14594,0.0,0.004,0.606,0.008,0.167
14595,0.0,0.004,0.6,0.008,0.167
14596,0.0,0.004,0.6,0.008,0.167
14597,0.0,0.004,0.6,0.008,0.167
14598,0.0,0.004,0.6,0.008,0.167
14599,0.0,0.004,0.6,0.008,0.167
14600,0.0,0.004,0.606,0.008,0.167
14601,0.0,0.004,0.6,0.008,0.167
14602,0.0,0.004,0.6,0.008,0.167
14603,0.0,0.004,0.6,0.008,0.167
14604,0.0,0.004,0.6,0.008,0.167
14605,0.0,0.004,0.6,0.008,0.167
14606,0.0,0.004,0.606,0.008,0.167
14607,0.0,0.004,0.6,0.008,0.167
14608,0.0,0.004,0.6,0.008,0.167
14609,0.0,0.004,0.594,0.008,0.167
14610,0.0,0.004,0.594,0.008,0.167
14611,0.0,0.004,0.594,0.008,0.167
14612,0.0,0.004,0.594,0.008,0.167
14613,0.0,0.004,0.594,0.008,0.167
14614,0.0,0.004,0.594,0.008,0.167
14615,0.0,0.004,0.589,0.008,0.167
14616,0.0,0.004,0.589,0.008,0.167
14617,0.0,0.004,0.589,0.008,0.167
14618,0.0,0.004,0.589,0.008,0.167
14619,0.0,0.004,0.589,0.008,0.167
14620,0.0,0.004,0.589,0.008,0.167
14621,0.0,0.004,0.583,0.008,0.167
14622,0.0,0.004,0.583,0.008,0.167
14623,0.0,0.004,0.583,0.008,0.167
14624,0.0,0.004,0.583,0.008,0.167
14625,0.0,0.004,0.583,0.008,0.167
14626,0.0,0.004,0.583,0.008,0.167
14627,0.0,0.004,0.583,0.008,0.167
14628,0.0,0.004,0.583,0.008,0.167
14629,0.0,0.004,0.577,0.008,0.167
14630,0.0,0.004,0.577,0.008,0.167
14631,0.0,0.004,0.583,0.008,0.167
14632,0.0,0.004,0.571,0.008,0.167
14633,0.0,0.004,0.571,0.008,0.167
14634,0.0,0.004,0.571,0.008,0.167
14635,0.0,0.004,0.571,0.008,0.167
14636,0.0,0.004,0.571,0.008,0.167
14668,0.0,0.004,0.583,0.008,0.166
14669,0.0,0.007,0.583,0.008,0.166
14670,0.0,0.011,0.583,0.008,0.166
14671,0.0,0.015,0.583,0.008,0.166
14672,0.0,0.018,0.583,0.008,0.166
14673,0.0,0.022,0.583,0.008,0.166
14674,0.0,0.026,0.583,0.008,0.166
14675,0.0,0.029,0.583,0.008,0.166
14676,0.0,0.029,0.623,0.008,0.166
14677,0.0,0.007,0.629,0.008,0.166
14678,0.0,0.011,0.629,0.008,0.166
14679,0.0,0.015,0.629,0.008,0.166
14680,0.0,0.018,0.623,0.008,0.166
14681,0.0,0.022,0.617,0.008,0.166
14682,0.0,0.026,0.611,0.008,0.166
14683,0.0,0.029,0.6,0.008,0.166
14684,0.0,0.033,0.6,0.008,0.166
14685,0.0,0.007,0.646,0.008,0.166
14686,0.0,0.004,0.611,0.008,0.166
14687,0.0,0.007,0.611,0.008,0.166
14688,0.0,0.004,0.611,0.008,0.166
14689,0.0,0.004,0.611,0.008,0.166
14690,0.0,0.004,0.611,0.008,0.166
14691,0.0,0.004,0.611,0.008,0.166
14692,0.0,0.004,0.611,0.008,0.166
14693,0.0,0.004,0.611,0.008,0.166
14694,0.0,0.004,0.617,0.008,0.166
14695,0.0,0.004,0.611,0.008,0.166
14696,0.0,0.004,0.611,0.008,0.166
14697,0.0,0.004,0.611,0.008,0.166
14698,0.0,0.004,0.611,0.008,0.165
14699,0.0,0.004,0.606,0.008,0.165
14700,0.0,0.004,0.606,0.008,0.165
14701,0.0,0.004,0.606,0.008,0.165
14710,0.0,0.004,0.589,0.008,0.165
14711,0.0,0.004,0.589,0.008,0.165
14712,0.0,0.004,0.594,0.008,0.165
14713,0.0,0.004,0.589,0.008,0.165
14731,0.0,0.004,0.617,0.008,0.167
14732,0.0,0.004,0.617,0.008,0.167
14733,0.0,0.004,0.617,0.008,0.167
14734,0.0,0.004,0.617,0.008,0.167
14735,0.0,0.004,0.617,0.008,0.167
14736,0.0,0.004,0.617,0.008,0.167
14737,0.0,0.004,0.611,0.008,0.167
14738,0.0,0.004,0.611,0.008,0.167
14739,0.0,0.004,0.611,0.008,0.166
14740,0.0,0.004,0.611,0.008,0.166
14741,0.0,0.004,0.611,0.008,0.166
14742,0.0,0.004,0.611,0.008,0.166
14743,0.0,0.004,0.611,0.008,0.166
14744,0.0,0.004,0.611,0.008,0.166
14745,0.0,0.004,0.606,0.008,0.166
14746,0.0,0.004,0.606,0.008,0.166
14747,0.0,0.004,0.606,0.008,0.166
14763,0.0,0.007,0.549,0.125,0.165
14764,0.002,0.011,0.549,0.25,0.165
14950,0.005,0.007,0.543,0.125,0.165
14952,0.006,0.007,0.543,0.125,0.165
14990,0.0,0.007,0.629,0.008,0.166
14991,0.0,0.011,0.629,0.008,0.166
14992,0.0,0.011,0.634,0.008,0.166
14993,0.0,0.015,0.634,0.008,0.166
14994,0.0,0.007,0.629,0.008,0.166
14995,0.0,0.011,0.629,0.008,0.166
14996,0.0,0.007,0.629,0.008,0.166
14997,0.0,0.007,0.629,0.008,0.166
14998,0.0,0.007,0.629,0.008,0.166
14999,0.0,0.007,0.629,0.008,0.166
15000,0.0,0.007,0.629,0.008,0.166
15001,0.0,0.007,0.629,0.008,0.166
15002,0.0,0.007,0.629,0.008,0.166
15003,0.0,0.011,0.629,0.008,0.166
15004,0.0,0.007,0.629,0.008,0.166
15005,0.0,0.007,0.634,0.008,0.166
15006,0.0,0.007,0.634,0.008,0.166
15007,0.0,0.007,0.629,0.008,0.166
15008,0.0,0.007,0.629,0.008,0.166
15009,0.0,0.007,0.634,0.008,0.166
15010,0.0,0.007,0.629,0.008,0.166
15011,0.0,0.011,0.629,0.008,0.166
15012,0.0,0.015,0.623,0.008,0.166
15013,0.0,0.007,0.629,0.008,0.166
15014,0.0,0.011,0.629,0.008,0.166
15015,0.0,0.015,0.629,0.008,0.166
15016,0.0,0.018,0.629,0.008,0.166
15017,0.0,0.007,0.629,0.008,0.166
15018,0.0,0.011,0.629,0.008,0.166
15019,0.0,0.015,0.629,0.008,0.166
15020,0.0,0.007,0.623,0.008,0.166
15021,0.0,0.011,0.623,0.008,0.166
15022,0.0,0.015,0.623,0.008,0.166
15023,0.0,0.018,0.623,0.008,0.166
15028,0.0,0.011,0.577,0.008,0.166
15029,0.0,0.007,0.577,0.008,0.166
15030,0.0,0.011,0.577,0.008,0.166
15031,0.0,0.015,0.577,0.008,0.166
15032,0.0,0.018,0.577,0.008,0.166
15033,0.0,0.022,0.577,0.008,0.166
15034,0.0,0.026,0.577,0.008,0.166
15035,0.0,0.029,0.577,0.008,0.166
15036,0.0,0.033,0.577,0.008,0.166
15037,0.0,0.036,0.577,0.008,0.166
15038,0.0,0.04,0.577,0.008,0.166
15039,0.0,0.044,0.577,0.008,0.166
15040,0.0,0.047,0.577,0.008,0.166
15041,0.0,0.051,0.577,0.008,0.166
15043,0.0,0.055,0.577,0.008,0.166
15044,0.0,0.058,0.577,0.008,0.166
15045,0.0,0.062,0.577,0.008,0.166
15046,0.0,0.066,0.577,0.008,0.166
15047,0.0,0.069,0.577,0.008,0.166
15048,0.0,0.069,0.64,0.008,0.166
15049,0.0,0.026,0.657,0.008,0.166
15050,0.0,0.029,0.657,0.008,0.166
15051,0.0,0.033,0.657,0.008,0.166
15052,0.0,0.036,0.657,0.008,0.166
15053,0.0,0.04,0.657,0.008,0.166
15054,0.0,0.044,0.657,0.008,0.166
15055,0.0,0.047,0.657,0.008,0.166
15057,0.0,0.047,0.657,0.031,0.166
15059,0.0,0.055,0.657,0.008,0.166
15060,0.0,0.058,0.657,0.008,0.166
15061,0.0,0.062,0.657,0.008,0.166
15062,0.0,0.066,0.651,0.008,0.166
15063,0.0,0.058,0.651,0.008,0.166
15064,0.0,0.058,0.657,0.008,0.166
15065,0.0,0.055,0.657,0.008,0.166
15066,0.0,0.058,0.651,0.008,0.166
15067,0.0,0.058,0.651,0.008,0.166
15068,0.0,0.055,0.657,0.008,0.166
15069,0.0,0.055,0.657,0.008,0.166
15070,0.0,0.058,0.657,0.008,0.166
15071,0.0,0.062,0.651,0.008,0.166
15072,0.0,0.066,0.651,0.008,0.166
15073,0.0,0.062,0.657,0.008,0.166
15074,0.0,0.062,0.657,0.008,0.166
15075,0.0,0.066,0.657,0.008,0.166
15076,0.0,0.066,0.657,0.008,0.166
15077,0.0,0.066,0.657,0.008,0.166
15078,0.0,0.069,0.657,0.008,0.166
15079,0.0,0.066,0.657,0.008,0.166
15080,0.0,0.066,0.657,0.008,0.166
15081,0.0,0.066,0.657,0.008,0.166
15082,0.0,0.066,0.657,0.008,0.166
15083,0.0,0.066,0.657,0.008,0.166
15084,0.0,0.066,0.657,0.008,0.166
15085,0.0,0.066,0.657,0.008,0.166
15086,0.0,0.066,0.657,0.008,0.166
15087,0.0,0.066,0.657,0.008,0.166
15088,0.0,0.069,0.657,0.008,0.166
15089,0.0,0.066,0.657,0.008,0.166
15090,0.0,0.069,0.657,0.008,0.166
15091,0.0,0.066,0.657,0.008,0.166
15092,0.005,0.066,0.657,0.125,0.165
15093,0.0,0.066,0.657,0.008,0.166
15094,0.0,0.066,0.657,0.008,0.166
15095,0.0,0.066,0.657,0.008,0.166
15096,0.0,0.069,0.657,0.008,0.166
15097,0.0,0.066,0.657,0.008,0.166
15098,0.0,0.066,0.657,0.008,0.166
15099,0.0,0.066,0.657,0.008,0.166
15100,0.0,0.066,0.657,0.008,0.166
15101,0.0,0.069,0.651,0.008,0.166
15102,0.0,0.069,0.651,0.008,0.166
15103,0.0,0.069,0.651,0.008,0.166
15104,0.0,0.069,0.651,0.008,0.166
15105,0.0,0.073,0.646,0.008,0.166
15106,0.0,0.077,0.646,0.008,0.166
15107,0.0,0.066,0.657,0.008,0.166
15108,0.0,0.066,0.657,0.008,0.166
15109,0.0,0.069,0.657,0.008,0.166
15110,0.0,0.066,0.657,0.008,0.166
15111,0.0,0.066,0.657,0.008,0.166
15112,0.0,0.066,0.657,0.008,0.166
15113,0.0,0.066,0.657,0.008,0.166
15114,0.0,0.069,0.657,0.008,0.166
15115,0.0,0.066,0.657,0.008,0.166
15116,0.0,0.069,0.651,0.008,0.166
15117,0.0,0.073,0.646,0.008,0.166
15118,0.0,0.077,0.646,0.008,0.166
15119,0.0,0.066,0.657,0.008,0.166
15120,0.0,0.066,0.657,0.008,0.166
15121,0.0,0.066,0.651,0.008,0.166
15122,0.0,0.069,0.651,0.008,0.166
15123,0.0,0.073,0.64,0.008,0.166
15124,0.0,0.062,0.657,0.008,0.166
15125,0.0,0.062,0.657,0.008,0.166
15126,0.0,0.066,0.651,0.008,0.166
15127,0.006,0.062,0.657,0.125,0.166
15128,0.0,0.018,0.657,0.008,0.166
15129,0.0,0.018,0.657,0.008,0.166
15130,0.0,0.022,0.657,0.008,0.166
15131,0.0,0.026,0.657,0.008,0.166
15132,0.0,0.018,0.657,0.008,0.166
15133,0.0,0.022,0.629,0.008,0.166
15134,0.0,0.011,0.646,0.008,0.166
15135,0.0,0.015,0.646,0.008,0.166
15136,0.0,0.018,0.646,0.008,0.166
15137,0.0,0.011,0.646,0.008,0.166
15138,0.0,0.011,0.646,0.008,0.166
15139,0.0,0.015,0.646,0.008,0.166
15140,0.0,0.011,0.646,0.008,0.166
15141,0.0,0.015,0.646,0.008,0.166
15142,0.0,0.018,0.646,0.008,0.166
15143,0.0,0.022,0.634,0.008,0.166
15144,0.0,0.022,0.651,0.008,0.166
15145,0.0,0.011,0.646,0.008,0.166
15146,0.0,0.011,0.646,0.008,0.166
15147,0.0,0.011,0.646,0.008,0.166
15148,0.0,0.011,0.646,0.008,0.166
15149,0.0,0.015,0.646,0.008,0.166
15150,0.0,0.018,0.646,0.008,0.166
15151,0.0,0.022,0.64,0.008,0.166
15152,0.0,0.011,0.646,0.008,0.166
15153,0.0,0.015,0.646,0.008,0.166
15154,0.0,0.011,0.646,0.008,0.166
15155,0.0,0.011,0.646,0.008,0.166
15156,0.0,0.015,0.646,0.008,0.166
15157,0.0,0.011,0.646,0.008,0.166
15158,0.0,0.011,0.646,0.008,0.166
15159,0.0,0.015,0.646,0.008,0.166
15161,0.0,0.011,0.646,0.008,0.166
15162,0.0,0.015,0.646,0.008,0.166
15163,0.0,0.018,0.64,0.008,0.166
15164,0.0,0.015,0.646,0.008,0.166
15165,0.0,0.015,0.64,0.008,0.166
15166,0.0,0.011,0.646,0.008,0.166
15167,0.0,0.011,0.651,0.008,0.166
15168,0.0,0.015,0.651,0.008,0.166
15169,0.0,0.011,0.646,0.008,0.166
15170,0.0,0.011,0.646,0.008,0.166
15171,0.0,0.011,0.646,0.008,0.166
15172,0.0,0.015,0.64,0.008,0.166
15173,0.0,0.011,0.646,0.008,0.166
15174,0.0,0.011,0.646,0.008,0.166
15175,0.0,0.011,0.646,0.008,0.166
15176,0.0,0.011,0.646,0.008,0.166
15177,0.0,0.011,0.646,0.008,0.166
15178,0.0,0.011,0.651,0.008,0.166
15179,0.0,0.015,0.651,0.008,0.166
15180,0.0,0.011,0.646,0.008,0.166
15181,0.0,0.011,0.646,0.008,0.166
15182,0.0,0.015,0.646,0.008,0.166
15183,0.0,0.011,0.646,0.008,0.166
15184,0.0,0.011,0.646,0.008,0.166
15185,0.0,0.015,0.64,0.008,0.166
15186,0.0,0.015,0.651,0.008,0.166
15187,0.0,0.015,0.651,0.008,0.166
15188,0.0,0.015,0.64,0.008,0.166
15189,0.0,0.011,0.646,0.008,0.166
15190,0.0,0.011,0.646,0.008,0.166
15191,0.0,0.015,0.646,0.008,0.166
15192,0.0,0.011,0.651,0.008,0.166
15193,0.0,0.011,0.657,0.008,0.166
15194,0.0,0.011,0.651,0.008,0.166
15195,0.0,0.015,0.651,0.008,0.166
15196,0.0,0.015,0.646,0.008,0.166
15197,0.0,0.018,0.657,0.008,0.166
15198,0.0,0.022,0.657,0.008,0.166
15199,0.0,0.018,0.657,0.008,0.166
15200,0.0,0.022,0.657,0.008,0.166
15201,0.0,0.018,0.657,0.008,0.166
15202,0.0,0.022,0.651,0.008,0.165
15203,0.0,0.022,0.651,0.008,0.165
15204,0.0,0.022,0.651,0.008,0.165
15205,0.0,0.026,0.651,0.008,0.165
15206,0.0,0.029,0.651,0.008,0.165
15207,0.0,0.029,0.651,0.008,0.165
15208,0.0,0.033,0.651,0.008,0.165
15209,0.0,0.018,0.657,0.008,0.165
15210,0.0,0.018,0.657,0.008,0.165
15211,0.0,0.022,0.657,0.008,0.165
15212,0.0,0.018,0.657,0.008,0.165
15213,0.0,0.022,0.657,0.008,0.165
15214,0.0,0.026,0.657,0.008,0.165
15215,0.0,0.029,0.657,0.008,0.165
15216,0.0,0.029,0.657,0.008,0.165
15217,0.0,0.033,0.651,0.008,0.165
15218,0.0,0.018,0.657,0.008,0.165
15219,0.0,0.018,0.657,0.008,0.165
15220,0.0,0.022,0.657,0.008,0.165
15221,0.0,0.022,0.651,0.008,0.165
15222,0.0,0.026,0.651,0.008,0.165
15223,0.0,0.018,0.657,0.008,0.165
15224,0.0,0.022,0.657,0.008,0.165
15225,0.0,0.018,0.657,0.008,0.165
15226,0.0,0.018,0.657,0.008,0.165
15227,0.0,0.018,0.657,0.008,0.165
15228,0.0,0.022,0.651,0.008,0.165
15229,0.0,0.026,0.646,0.008,0.165
15230,0.0,0.022,0.651,0.008,0.165
15231,0.0,0.022,0.651,0.008,0.165
15232,0.0,0.018,0.657,0.008,0.165
15233,0.0,0.022,0.651,0.008,0.165
15234,0.0,0.018,0.657,0.008,0.165
15235,0.0,0.022,0.651,0.008,0.165
15236,0.0,0.026,0.651,0.008,0.165
15237,0.0,0.026,0.657,0.008,0.165
15238,0.0,0.018,0.657,0.008,0.165
15239,0.0,0.011,0.646,0.008,0.165
15240,0.0,0.011,0.646,0.008,0.165
15241,0.0,0.011,0.646,0.008,0.165
15242,0.0,0.015,0.646,0.008,0.165
15243,0.0,0.011,0.651,0.008,0.165
15244,0.0,0.011,0.646,0.008,0.165
15245,0.0,0.011,0.646,0.008,0.165
15246,0.0,0.015,0.646,0.008,0.165
15247,0.0,0.011,0.646,0.008,0.165
15248,0.0,0.015,0.646,0.008,0.165
15249,0.0,0.015,0.657,0.008,0.165
15250,0.0,0.011,0.646,0.008,0.165
15251,0.0,0.011,0.646,0.008,0.165
15252,0.0,0.011,0.646,0.008,0.165
15253,0.0,0.011,0.646,0.008,0.165
15254,0.0,0.011,0.651,0.008,0.165
15255,0.0,0.015,0.651,0.008,0.165
15256,0.0,0.018,0.646,0.008,0.165
15257,0.0,0.011,0.651,0.008,0.165
15258,0.0,0.011,0.64,0.008,0.165
15259,0.0,0.011,0.646,0.008,0.165
15260,0.0,0.011,0.64,0.008,0.165
15261,0.0,0.011,0.64,0.008,0.165
15262,0.0,0.011,0.634,0.008,0.165
15263,0.0,0.011,0.634,0.008,0.165
15264,0.0,0.011,0.634,0.008,0.165
15265,0.0,0.011,0.634,0.008,0.165
15266,0.0,0.011,0.634,0.008,0.165
15267,0.0,0.011,0.634,0.008,0.165
15268,0.0,0.011,0.64,0.008,0.165
15269,0.0,0.011,0.634,0.008,0.165
15270,0.005,0.015,0.634,0.125,0.165
15271,0.0,0.011,0.634,0.008,0.166
15272,0.0,0.011,0.634,0.008,0.166
15273,0.0,0.015,0.634,0.008,0.166
15274,0.0,0.018,0.634,0.008,0.166
15275,0.0,0.011,0.634,0.008,0.166
15276,0.0,0.011,0.634,0.008,0.166
15277,0.0,0.011,0.64,0.008,0.166
15278,0.0,0.011,0.634,0.008,0.166
15279,0.0,0.011,0.634,0.008,0.166
15280,0.0,0.011,0.634,0.008,0.166
15281,0.0,0.015,0.634,0.008,0.166
15282,0.0,0.011,0.64,0.008,0.166
15283,0.0,0.011,0.634,0.008,0.166
15284,0.0,0.011,0.634,0.008,0.166
15285,0.0,0.011,0.634,0.008,0.166
15286,0.0,0.011,0.64,0.008,0.166
15287,0.0,0.011,0.634,0.008,0.166
15288,0.0,0.011,0.634,0.008,0.166
15289,0.0,0.011,0.634,0.008,0.166
15290,0.0,0.011,0.634,0.008,0.166
15291,0.0,0.011,0.634,0.008,0.166
15292,0.0,0.015,0.634,0.008,0.166
15293,0.0,0.011,0.634,0.008,0.166
15294,0.0,0.015,0.634,0.008,0.166
15295,0.0,0.018,0.634,0.008,0.166
15296,0.0,0.022,0.634,0.008,0.166
15297,0.0,0.011,0.634,0.008,0.166
15298,0.0,0.011,0.634,0.008,0.166
15299,0.0,0.015,0.634,0.008,0.166
15300,0.0,0.011,0.634,0.008,0.166
15301,0.0,0.011,0.634,0.008,0.166
15302,0.0,0.011,0.634,0.008,0.166
15303,0.0,0.011,0.64,0.008,0.166
15304,0.0,0.011,0.64,0.008,0.166
15305,0.0,0.011,0.64,0.008,0.166
15306,0.0,0.015,0.64,0.008,0.166
15307,0.0,0.011,0.651,0.008,0.166
15308,0.0,0.015,0.64,0.008,0.166
15309,0.0,0.011,0.646,0.008,0.166
15310,0.0,0.015,0.646,0.008,0.166
15312,0.0,0.011,0.64,0.008,0.166
15313,0.0,0.007,0.64,0.008,0.166
15314,0.0,0.011,0.64,0.008,0.166
15315,0.0,0.007,0.646,0.008,0.166
15316,0.0,0.007,0.64,0.008,0.166
15696,0.0,0.029,0.657,0.008,0.166
15697,0.0,0.033,0.651,0.008,0.166
15698,0.0,0.033,0.657,0.008,0.166
15699,0.0,0.036,0.657,0.008,0.166
15700,0.0,0.029,0.657,0.008,0.166
15701,0.0,0.033,0.657,0.008,0.166
15702,0.0,0.036,0.657,0.008,0.166
15703,0.0,0.033,0.657,0.008,0.166
15739,0.0,0.004,0.611,0.008,0.166
15799,0.0,0.004,0.606,0.008,0.168
15800,0.0,0.004,0.606,0.008,0.168
15802,0.0,0.004,0.606,0.008,0.168
15825,0.0,0.084,0.657,0.008,0.168
15826,0.0,0.084,0.657,0.008,0.168
15827,0.001,0.004,0.657,0.25,0.048
15828,0.0,0.084,0.657,0.008,0.168
15829,0.0,0.084,0.657,0.008,0.168
15830,0.005,0.084,0.657,0.125,0.167
15831,0.0,0.029,0.657,0.008,0.167
15832,0.001,0.029,0.657,0.016,0.167
15833,0.001,0.033,0.657,0.008,0.167
15834,0.0,0.036,0.657,0.008,0.167
15835,0.0,0.04,0.657,0.008,0.167
15836,0.0,0.044,0.657,0.008,0.167
15837,0.0,0.047,0.657,0.008,0.167
15838,0.0,0.044,0.646,0.008,0.167
15839,0.0,0.036,0.657,0.008,0.167
15840,0.0,0.033,0.657,0.008,0.167
15841,0.0,0.036,0.651,0.008,0.167
15842,0.0,0.04,0.651,0.008,0.167
15843,0.0,0.036,0.651,0.008,0.167
15844,0.0,0.036,0.657,0.008,0.167
15845,0.0,0.04,0.651,0.008,0.167
15846,0.0,0.044,0.646,0.008,0.167
15847,0.0,0.036,0.651,0.008,0.167
15848,0.006,0.04,0.651,0.125,0.167
15849,0.0,0.04,0.657,0.008,0.167
15869,0.0,0.095,0.657,0.008,0.167
15870,0.0,0.099,0.651,0.008,0.167
15891,0.0,0.066,0.657,0.031,0.167
15892,0.0,0.069,0.657,0.031,0.167
15894,0.0,0.018,0.657,0.25,0.048
15904,0.006,0.058,0.657,0.125,0.167
15911,0.006,0.015,0.657,0.125,0.167
15936,0.0,0.077,0.657,0.25,0.085
15968,0.0,0.011,0.657,0.016,0.166
15985,0.014,0.015,0.657,0.062,0.166
16009,0.005,0.018,0.657,0.125,0.166
16567,0.002,0.015,0.657,0.008,0.17
16569,0.002,0.018,0.657,0.008,0.17
16651,0.0,0.022,0.651,0.031,0.169
16845,0.0,0.036,0.657,0.25,0.088
16894,0.0,0.011,0.657,0.031,0.169
18060,0.023,0.004,0.617,0.117,0.167
18834,0.005,0.011,0.606,0.125,0.167
18911,0.038,0.015,0.634,0.125,0.167
18922,0.0,0.007,0.629,0.25,0.094
18931,0.002,0.018,0.623,0.008,0.167
18939,0.002,0.018,0.629,0.008,0.167
19028,0.001,0.015,0.646,0.016,0.168
19044,0.001,0.018,0.634,0.008,0.168
19080,0.0,0.018,0.629,0.25,0.168
19085,0.0,0.022,0.623,0.125,0.168
19089,0.009,0.026,0.623,0.125,0.168
19091,0.004,0.029,0.623,0.125,0.168
19123,0.007,0.033,0.577,0.062,0.167
19173,0.005,0.026,0.657,0.125,0.166
19179,0.006,0.022,0.657,0.125,0.166
19319,0.005,0.004,0.6,0.125,0.169
19345,0.006,0.004,0.594,0.125,0.17
19954,0.006,0.004,0.566,0.125,0.171
